"from";"to";"date_posix";"length"
"PE-00565";"PA-00374";2020-05-06 05:18:00;1440
"PE-00573";"PA-00375";2020-05-06 05:30:00;660
"PE-00570";"PE-00571";2020-05-06 05:15:00;2910
"PE-00564";"PA-00374";2020-05-06 05:20:00;2160
"PE-00566";"PE-00573";2020-05-06 05:34:00;480
"PA-00374";"PE-00567";2020-05-06 05:35:00;390
"PE-00563";"PE-00575";2020-05-06 05:40:30;240
"PE-00575";"PE-00573";2020-05-06 05:46:30;120
"PE-00573";"PA-00372";2020-05-06 05:50:00;1080
"PA-00374";"PE-00571";2020-05-06 05:50:00;1500
"PA-00368";"PE-00576";2020-05-06 05:57:00;870
"PA-00368";"PE-00565";2020-05-06 05:58:00;840
"PE-00576";"PA-00374";2020-05-06 05:59:00;2130
"PE-00564";"PA-00374";2020-05-06 06:00:00;840
"PA-00367";"PE-00569";2020-05-06 06:00:30;300
"PE-00566";"PE-00573";2020-05-06 06:02:00;1860
"PE-00576";"PA-00368";2020-05-06 06:04:00;780
"PE-00578";"PE-00570";2020-05-06 06:04:30;990
"PE-00567";"PE-00566";2020-05-06 06:05:30;1440
"PE-00573";"PE-00575";2020-05-06 06:06:30;780
"PE-00564";"PE-00574";2020-05-06 06:08:30;900
"PE-00564";"PA-00369";2020-05-06 06:09:30;300
"PE-00588";"PA-00368";2020-05-06 06:09:30;540
"PE-00568";"PE-00571";2020-05-06 06:10:30;120
"PE-00581";"PE-00573";2020-05-06 06:12:00;690
"PE-00570";"PA-00376";2020-05-06 06:13:00;990
"PE-00564";"PA-00367";2020-05-06 06:14:00;660
"PE-00573";"PE-00581";2020-05-06 06:14:30;30
"PA-00374";"PE-00567";2020-05-06 06:17:30;1470
"PE-00582";"PE-00574";2020-05-06 06:21:30;570
"PE-00570";"PA-00366";2020-05-06 06:22:30;1230
"PE-00575";"PA-00366";2020-05-06 06:23:30;870
"PE-00588";"PA-00374";2020-05-06 06:24:30;540
"PE-00567";"PA-00365";2020-05-06 06:25:30;2730
"PA-00374";"PE-00571";2020-05-06 06:27:00;720
"PE-00573";"PE-00578";2020-05-06 06:28:30;150
"PE-00568";"PA-00376";2020-05-06 06:28:30;810
"PE-00564";"PE-00578";2020-05-06 06:28:30;300
"PE-00563";"PE-00575";2020-05-06 06:29:00;1650
"PE-00567";"PE-00588";2020-05-06 06:30:00;540
"PE-00575";"PA-00372";2020-05-06 06:31:00;810
"PE-00566";"PE-00568";2020-05-06 06:32:30;510
"PE-00585";"PE-00581";2020-05-06 06:33:30;210
"PE-00573";"PE-00582";2020-05-06 06:36:30;420
"PE-00567";"PA-00366";2020-05-06 06:36:30;2580
"PA-00368";"PE-00576";2020-05-06 06:36:30;390
"PE-00563";"PE-00571";2020-05-06 06:37:00;1710
"PE-00584";"PE-00588";2020-05-06 06:37:00;210
"PE-00605";"PA-00365";2020-05-06 06:40:00;2070
"PE-00574";"PE-00564";2020-05-06 06:38:30;660
"PE-00571";"PA-00368";2020-05-06 06:39:00;3930
"PE-00568";"PA-00375";2020-05-06 06:39:00;210
"PE-00571";"PE-00568";2020-05-06 06:40:00;510
"PE-00567";"PE-00612";2020-05-06 06:41:30;210
"PE-00568";"PA-00368";2020-05-06 06:41:30;3330
"PE-00564";"PE-00566";2020-05-06 06:42:00;420
"PE-00565";"PA-00368";2020-05-06 06:42:30;2430
"PE-00570";"PE-00605";2020-05-06 06:43:30;3300
"PE-00573";"PE-00566";2020-05-06 06:43:30;720
"PE-00567";"PE-00568";2020-05-06 06:43:30;720
"PE-00578";"PA-00368";2020-05-06 06:43:30;150
"PA-00369";"PE-00564";2020-05-06 06:44:30;3780
"PE-00566";"PA-00365";2020-05-06 06:46:00;990
"PE-00588";"PA-00376";2020-05-06 06:48:30;1500
"PE-00573";"PE-00585";2020-05-06 06:49:00;120
"PE-00568";"PE-00564";2020-05-06 06:49:30;780
"PE-00569";"PE-00563";2020-05-06 06:50:30;840
"PE-00605";"PA-00372";2020-05-06 06:50:30;1170
"PE-00570";"PE-00566";2020-05-06 06:52:00;690
"PE-00569";"PA-00367";2020-05-06 06:52:00;270
"PA-00365";"PE-00584";2020-05-06 06:52:30;3870
"PE-00575";"PA-00368";2020-05-06 06:53:00;240
"PE-00578";"PE-00563";2020-05-06 06:55:30;1020
"PE-00569";"PA-00376";2020-05-06 06:56:30;450
"PE-00574";"PE-00570";2020-05-06 06:57:00;1710
"PE-00584";"PA-00374";2020-05-06 06:57:00;4530
"PE-00612";"PA-00372";2020-05-06 06:57:00;1260
"PE-00576";"PE-00580";2020-05-06 07:00:30;60
"PA-00376";"PE-00568";2020-05-06 07:00:30;480
"PE-00574";"PE-00570";2020-05-06 07:01:30;330
"PA-00368";"PE-00571";2020-05-06 07:02:00;510
"PE-00587";"PE-00575";2020-05-06 07:02:30;660
"PE-00614";"PE-00590";2020-05-06 07:20:00;1020
"PE-00582";"PE-00581";2020-05-06 07:04:30;90
"PE-00583";"PE-00568";2020-05-06 07:04:30;630
"PA-00376";"PE-00569";2020-05-06 07:04:30;180
"PE-00609";"PE-00646";2020-05-06 07:21:00;30
"PE-00567";"PA-00374";2020-05-06 07:06:00;930
"PE-00590";"PE-00614";2020-05-06 07:20:00;1380
"PA-00376";"PE-00570";2020-05-06 07:06:30;360
"PE-00581";"PE-00573";2020-05-06 07:07:00;60
"PE-00583";"PE-00580";2020-05-06 07:07:30;120
"PE-00564";"PE-00581";2020-05-06 07:08:30;1020
"PE-00612";"PE-00583";2020-05-06 07:10:30;510
"PE-00621";"PA-00371";2020-05-06 07:18:00;330
"PE-00565";"PE-00571";2020-05-06 07:11:30;2070
"PA-00365";"PE-00567";2020-05-06 07:11:30;360
"PA-00368";"PE-00580";2020-05-06 07:13:00;720
"PE-00591";"PE-00583";2020-05-06 07:17:00;300
"PE-00574";"PE-00600";2020-05-06 07:14:30;570
"PE-00575";"PE-00569";2020-05-06 07:15:00;480
"PE-00576";"PA-00369";2020-05-06 07:15:00;60
"PE-00650";"PE-00620";2020-05-06 07:20:00;510
"PE-00574";"PE-00583";2020-05-06 07:15:30;180
"PE-00612";"PA-00370";2020-05-06 07:15:30;1560
"PA-00370";"PE-00622";2020-05-06 07:19:00;210
"PE-00584";"PA-00372";2020-05-06 07:16:30;600
"PE-00571";"PE-00570";2020-05-06 07:17:00;120
"PE-00563";"PE-00609";2020-05-06 07:17:00;150
"PE-00578";"PA-00368";2020-05-06 07:17:00;540
"PE-00619";"PA-00379";2020-05-06 07:17:30;300
"PE-00573";"PE-00650";2020-05-06 07:20:00;270
"PE-00565";"PA-00368";2020-05-06 07:18:00;3390
"PE-00575";"PE-00610";2020-05-06 07:18:30;120
"PA-00369";"PE-00615";2020-05-06 07:22:00;120
"PE-00591";"PE-00587";2020-05-06 07:19:00;1530
"PE-00605";"PE-00570";2020-05-06 07:19:30;210
"PE-00565";"PE-00612";2020-05-06 07:20:00;180
"PE-00611";"PE-00585";2020-05-06 07:20:30;300
"PA-00373";"PE-00605";2020-05-06 07:21:00;1290
"PE-00585";"PE-00615";2020-05-06 07:22:00;270
"PA-00368";"PE-00568";2020-05-06 07:22:00;150
"PA-00376";"PE-00580";2020-05-06 07:22:30;420
"PE-00588";"PE-00568";2020-05-06 07:23:00;420
"PE-00591";"PE-00581";2020-05-06 07:23:00;180
"PA-00368";"PE-00576";2020-05-06 07:23:30;150
"PE-00587";"PE-00570";2020-05-06 07:23:30;510
"PE-00576";"PA-00368";2020-05-06 07:24:30;210
"PE-00624";"PE-00589";2020-05-06 07:24:30;1530
"PE-00646";"PE-00585";2020-05-06 07:25:00;120
"PE-00580";"PE-00581";2020-05-06 07:25:30;210
"PA-00370";"PE-00612";2020-05-06 07:25:30;540
"PE-00592";"PE-00650";2020-05-06 07:25:30;30
"PE-00650";"PE-00592";2020-05-06 07:25:30;120
"PE-00591";"PE-00568";2020-05-06 07:26:00;1440
"PE-00589";"PE-00624";2020-05-06 07:26:30;450
"PE-00591";"PE-00570";2020-05-06 07:26:30;60
"PE-00605";"PE-00580";2020-05-06 07:26:30;120
"PE-00600";"PE-00590";2020-05-06 07:27:00;180
"PE-00613";"PE-00600";2020-05-06 07:27:00;630
"PE-00569";"PE-00622";2020-05-06 07:27:30;60
"PE-00585";"PE-00611";2020-05-06 07:27:30;60
"PE-00615";"PE-00587";2020-05-06 07:27:30;540
"PE-00616";"PE-00614";2020-05-06 07:28:00;60
"PE-00570";"PE-00587";2020-05-06 07:28:30;60
"PA-00371";"PE-00588";2020-05-06 07:28:30;870
"PE-00615";"PE-00580";2020-05-06 07:28:30;150
"PE-00570";"PE-00571";2020-05-06 07:30:30;30
"PE-00605";"PE-00574";2020-05-06 07:30:30;210
"PE-00591";"PE-00622";2020-05-06 07:31:00;90
"PE-00614";"PE-00613";2020-05-06 07:31:30;780
"PE-00564";"PE-00574";2020-05-06 07:32:00;690
"PE-00593";"PE-00582";2020-05-06 07:36:00;930
"PE-00615";"PE-00585";2020-05-06 07:32:00;1320
"PE-00622";"PE-00581";2020-05-06 07:32:00;120
"PA-00379";"PE-00595";2020-05-06 07:38:00;1380
"PE-00587";"PE-00646";2020-05-06 07:32:30;570
"PE-00594";"PE-00650";2020-05-06 07:37:00;420
"PE-00565";"PE-00576";2020-05-06 07:33:00;390
"PE-00585";"PE-00581";2020-05-06 07:33:00;360
"PE-00621";"PE-00600";2020-05-06 07:33:00;690
"PE-00575";"PA-00368";2020-05-06 07:33:30;390
"PE-00566";"PE-00611";2020-05-06 07:34:00;180
"PE-00581";"PE-00565";2020-05-06 07:34:00;90
"PE-00582";"PE-00576";2020-05-06 07:35:00;90
"PE-00578";"PE-00624";2020-05-06 07:35:00;150
"PE-00609";"PE-00614";2020-05-06 07:35:00;90
"PE-00570";"PE-00575";2020-05-06 07:35:30;360
"PA-00370";"PE-00570";2020-05-06 07:36:00;2610
"PA-00372";"PE-00563";2020-05-06 07:36:30;300
"PE-00573";"PE-00581";2020-05-06 07:37:00;120
"PE-00566";"PE-00610";2020-05-06 07:37:00;180
"PE-00646";"PE-00590";2020-05-06 07:37:00;150
"PE-00650";"PE-00581";2020-05-06 07:37:00;30
"PE-00563";"PE-00650";2020-05-06 07:38:00;90
"PE-00565";"PE-00600";2020-05-06 07:38:30;270
"PA-00375";"PE-00565";2020-05-06 07:38:30;780
"PE-00593";"PA-00365";2020-05-06 07:39:00;1710
"PE-00594";"PE-00582";2020-05-06 07:39:30;1260
"PE-00613";"PE-00590";2020-05-06 07:39:30;1620
"PE-00623";"PE-00590";2020-05-06 07:39:30;810
"PE-00580";"PE-00583";2020-05-06 07:40:00;60
"PE-00583";"PE-00574";2020-05-06 07:40:30;750
"PE-00609";"PE-00592";2020-05-06 07:40:30;60
"PE-00567";"PE-00592";2020-05-06 07:41:30;30
"PE-00620";"PA-00379";2020-05-06 07:42:00;240
"PE-00625";"PE-00583";2020-05-06 07:42:00;90
"PE-00570";"PE-00624";2020-05-06 07:42:30;870
"PE-00582";"PE-00575";2020-05-06 07:42:30;2550
"PE-00610";"PE-00600";2020-05-06 07:42:30;30
"PE-00575";"PE-00623";2020-05-06 07:43:30;30
"PE-00570";"PE-00593";2020-05-06 07:44:00;210
"PE-00573";"PE-00585";2020-05-06 07:44:00;120
"PE-00568";"PE-00583";2020-05-06 07:44:00;150
"PE-00564";"PE-00566";2020-05-06 07:44:00;630
"PE-00583";"PA-00369";2020-05-06 07:44:00;1380
"PE-00615";"PE-00623";2020-05-06 07:44:00;180
"PE-00578";"PE-00597";2020-05-06 07:45:30;330
"PE-00585";"PE-00616";2020-05-06 07:46:00;720
"PE-00614";"PE-00589";2020-05-06 07:46:00;300
"PE-00573";"PE-00600";2020-05-06 07:46:30;300
"PE-00573";"PE-00571";2020-05-06 07:46:30;300
"PE-00592";"PE-00590";2020-05-06 07:46:30;330
"PE-00597";"PE-00612";2020-05-06 07:46:30;600
"PE-00588";"PE-00567";2020-05-06 07:47:30;2910
"PE-00609";"PE-00585";2020-05-06 07:47:30;600
"PE-00593";"PE-00576";2020-05-06 07:48:00;90
"PE-00597";"PE-00616";2020-05-06 07:48:00;1680
"PE-00619";"PE-00600";2020-05-06 07:48:00;120
"PE-00650";"PE-00591";2020-05-06 07:48:00;120
"PE-00622";"PE-00605";2020-05-06 07:48:30;180
"PE-00563";"PE-00622";2020-05-06 07:49:00;2550
"PE-00620";"PE-00614";2020-05-06 07:49:00;180
"PE-00621";"PE-00622";2020-05-06 07:49:30;180
"PE-00570";"PE-00590";2020-05-06 07:50:30;120
"PA-00375";"PE-00578";2020-05-06 07:50:30;1260
"PE-00566";"PA-00365";2020-05-06 07:51:00;510
"PE-00580";"PE-00576";2020-05-06 07:51:00;120
"PE-00591";"PE-00567";2020-05-06 07:51:00;60
"PE-00568";"PE-00616";2020-05-06 07:52:00;1080
"PE-00587";"PE-00573";2020-05-06 07:52:00;120
"PE-00591";"PE-00623";2020-05-06 07:52:00;660
"PE-00623";"PA-00370";2020-05-06 07:52:00;120
"PE-00591";"PE-00596";2020-05-06 07:52:30;60
"PE-00614";"PE-00646";2020-05-06 07:52:30;180
"PE-00614";"PE-00621";2020-05-06 07:52:30;90
"PE-00611";"PE-00567";2020-05-06 07:52:30;90
"PA-00367";"PE-00611";2020-05-06 07:53:00;630
"PE-00620";"PE-00621";2020-05-06 07:53:00;420
"PE-00623";"PE-00566";2020-05-06 07:53:00;30
"PE-00581";"PE-00578";2020-05-06 07:53:30;120
"PE-00569";"PE-00589";2020-05-06 07:54:00;240
"PA-00376";"PE-00563";2020-05-06 07:54:00;90
"PE-00576";"PA-00374";2020-05-06 07:55:00;1350
"PE-00595";"PE-00573";2020-05-06 07:55:30;210
"PE-00580";"PE-00621";2020-05-06 07:56:00;450
"PE-00592";"PE-00619";2020-05-06 07:56:00;60
"PE-00573";"PE-00596";2020-05-06 07:56:30;210
"PE-00582";"PE-00573";2020-05-06 07:57:00;90
"PE-00595";"PE-00588";2020-05-06 07:57:00;210
"PE-00575";"PE-00581";2020-05-06 07:57:30;210
"PE-00595";"PE-00569";2020-05-06 07:57:30;240
"PE-00584";"PE-00582";2020-05-06 07:58:30;300
"PE-00613";"PE-00591";2020-05-06 07:58:30;210
"PE-00612";"PE-00592";2020-05-06 07:58:30;450
"PE-00567";"PE-00612";2020-05-06 07:59:00;210
"PE-00590";"PE-00568";2020-05-06 07:59:00;90
"PE-00591";"PE-00611";2020-05-06 07:59:30;60
"PE-00580";"PE-00624";2020-05-06 08:00:00;60
"PE-00612";"PA-00378";2020-05-06 08:00:00;1260
"PE-00623";"PE-00589";2020-05-06 08:00:00;3270
"PE-00582";"PE-00567";2020-05-06 08:00:30;840
"PE-00590";"PE-00571";2020-05-06 08:00:30;120
"PE-00592";"PE-00567";2020-05-06 08:00:30;150
"PE-00571";"PE-00570";2020-05-06 08:01:00;90
"PE-00568";"PE-00573";2020-05-06 08:01:00;570
"PE-00575";"PE-00573";2020-05-06 08:01:00;480
"PE-00576";"PE-00564";2020-05-06 08:01:00;240
"PE-00578";"PA-00368";2020-05-06 08:01:00;420
"PE-00575";"PA-00373";2020-05-06 08:01:30;1080
"PA-00378";"PE-00609";2020-05-06 08:01:30;1080
"PA-00380";"PE-00563";2020-05-06 08:01:30;1110
"PE-00583";"PE-00574";2020-05-06 08:03:00;180
"PA-00382";"PE-00624";2020-05-06 08:03:30;960
"PE-00571";"PE-00624";2020-05-06 08:04:00;210
"PE-00566";"PE-00573";2020-05-06 08:04:00;1080
"PE-00563";"PE-00611";2020-05-06 08:04:00;60
"PE-00581";"PE-00600";2020-05-06 08:04:00;660
"PA-00376";"PE-00580";2020-05-06 08:04:00;1020
"PE-00609";"PE-00585";2020-05-06 08:04:00;1080
"PE-00618";"PA-00368";2020-05-06 08:22:00;1920
"PA-00380";"PE-00619";2020-05-06 08:04:00;570
"PE-00593";"PE-00582";2020-05-06 08:04:30;780
"PE-00574";"PE-00568";2020-05-06 08:05:00;660
"PE-00569";"PE-00563";2020-05-06 08:05:00;840
"PE-00575";"PE-00570";2020-05-06 08:05:00;450
"PE-00591";"PE-00595";2020-05-06 08:05:00;1110
"PA-00378";"PE-00616";2020-05-06 08:05:00;1710
"PE-00564";"PE-00567";2020-05-06 08:05:30;660
"PE-00574";"PE-00564";2020-05-06 08:06:00;30
"PE-00616";"PE-00587";2020-05-06 08:06:30;150
"PE-00580";"PE-00581";2020-05-06 08:08:30;1260
"PE-00576";"PE-00605";2020-05-06 08:08:30;360
"PE-00590";"PE-00568";2020-05-06 08:08:30;780
"PE-00582";"PE-00573";2020-05-06 08:09:00;210
"PE-00583";"PE-00568";2020-05-06 08:09:00;420
"PE-00576";"PA-00366";2020-05-06 08:09:00;1110
"PE-00566";"PE-00574";2020-05-06 08:09:30;420
"PE-00593";"PA-00366";2020-05-06 08:09:30;2100
"PE-00564";"PE-00574";2020-05-06 08:10:00;570
"PE-00612";"PE-00567";2020-05-06 08:10:00;150
"PE-00625";"PE-00584";2020-05-06 08:10:00;420
"PE-00594";"PE-00571";2020-05-06 08:10:30;1710
"PE-00621";"PE-00616";2020-05-06 08:10:30;480
"PE-00568";"PE-00590";2020-05-06 08:11:00;720
"PE-00574";"PE-00583";2020-05-06 08:12:00;660
"PE-00594";"PE-00582";2020-05-06 08:12:30;810
"PE-00625";"PE-00587";2020-05-06 08:12:30;210
"PA-00380";"PE-00591";2020-05-06 08:12:30;360
"PE-00588";"PE-00567";2020-05-06 08:13:00;120
"PE-00612";"PE-00592";2020-05-06 08:13:30;330
"PE-00622";"PE-00611";2020-05-06 08:13:30;240
"PE-00563";"PA-00380";2020-05-06 08:14:00;1020
"PA-00379";"PE-00585";2020-05-06 08:14:00;510
"PE-00565";"PE-00581";2020-05-06 08:14:30;120
"PE-00600";"PE-00581";2020-05-06 08:14:30;300
"PE-00576";"PE-00580";2020-05-06 08:15:00;30
"PE-00587";"PE-00570";2020-05-06 08:15:30;1650
"PE-00578";"PE-00570";2020-05-06 08:15:30;360
"PE-00596";"PE-00564";2020-05-06 08:15:30;210
"PE-00623";"PE-00565";2020-05-06 08:15:30;30
"PE-00571";"PE-00582";2020-05-06 08:16:30;210
"PE-00610";"PE-00600";2020-05-06 08:17:00;180
"PE-00625";"PA-00382";2020-05-06 08:17:00;1740
"PA-00382";"PE-00623";2020-05-06 08:17:00;360
"PE-00567";"PE-00588";2020-05-06 08:17:30;270
"PE-00585";"PE-00581";2020-05-06 08:17:30;390
"PE-00614";"PE-00592";2020-05-06 08:17:30;1500
"PE-00623";"PE-00590";2020-05-06 08:17:30;570
"PE-00564";"PE-00581";2020-05-06 08:18:00;930
"PE-00581";"PE-00580";2020-05-06 08:18:00;390
"PE-00584";"PA-00372";2020-05-06 08:18:00;1140
"PE-00612";"PA-00370";2020-05-06 08:18:00;300
"PE-00564";"PE-00619";2020-05-06 08:18:30;120
"PE-00596";"PE-00573";2020-05-06 08:18:30;120
"PE-00566";"PE-00605";2020-05-06 08:19:00;420
"PE-00565";"PE-00600";2020-05-06 08:19:00;180
"PE-00575";"PE-00583";2020-05-06 08:19:00;870
"PA-00376";"PE-00570";2020-05-06 08:19:00;1110
"PE-00582";"PE-00585";2020-05-06 08:19:30;90
"PE-00589";"PE-00614";2020-05-06 08:19:30;270
"PE-00595";"PE-00591";2020-05-06 08:20:00;1350
"PA-00375";"PE-00565";2020-05-06 08:20:00;210
"PE-00611";"PE-00605";2020-05-06 08:20:00;510
"PE-00563";"PE-00568";2020-05-06 08:21:00;330
"PE-00585";"PE-00609";2020-05-06 08:21:30;1080
"PE-00627";"PE-00596";2020-05-06 08:25:00;60
"PE-00595";"PE-00626";2020-05-06 08:22:30;180
"PE-00567";"PA-00374";2020-05-06 08:23:00;780
"PA-00370";"PE-00612";2020-05-06 08:23:00;900
"PA-00372";"PE-00616";2020-05-06 08:23:00;600
"PE-00591";"PA-00380";2020-05-06 08:23:00;960
"PE-00592";"PA-00366";2020-05-06 08:23:00;690
"PE-00580";"PE-00576";2020-05-06 08:23:30;90
"PE-00618";"PE-00597";2020-05-06 08:23:30;510
"PE-00578";"PE-00581";2020-05-06 08:24:00;270
"PE-00618";"PE-00571";2020-05-06 08:24:30;240
"PE-00618";"PA-00374";2020-05-06 08:25:30;360
"PE-00593";"PE-00570";2020-05-06 08:26:30;120
"PA-00375";"PE-00568";2020-05-06 08:26:30;2190
"PE-00618";"PA-00381";2020-05-06 08:26:30;150
"PE-00624";"PE-00564";2020-05-06 08:26:30;60
"PE-00568";"PE-00563";2020-05-06 08:27:00;210
"PE-00594";"PA-00375";2020-05-06 08:27:00;180
"PE-00616";"PA-00378";2020-05-06 08:27:00;180
"PA-00380";"PE-00605";2020-05-06 08:27:30;2670
"PE-00574";"PE-00600";2020-05-06 08:28:00;510
"PA-00381";"PE-00618";2020-05-06 08:28:00;120
"PE-00624";"PE-00622";2020-05-06 08:29:00;90
"PA-00380";"PE-00589";2020-05-06 08:30:00;810
"PA-00369";"PE-00568";2020-05-06 08:30:30;1380
"PE-00600";"PE-00614";2020-05-06 08:30:30;690
"PE-00568";"PE-00571";2020-05-06 08:31:00;150
"PA-00368";"PE-00571";2020-05-06 08:31:00;750
"PA-00380";"PE-00590";2020-05-06 08:31:30;360
"PE-00575";"PE-00627";2020-05-06 08:32:00;660
"PE-00569";"PE-00565";2020-05-06 08:32:30;90
"PE-00576";"PE-00565";2020-05-06 08:32:30;1080
"PE-00576";"PE-00595";2020-05-06 08:32:30;90
"PE-00623";"PA-00370";2020-05-06 08:32:30;2100
"PE-00565";"PE-00628";2020-05-06 08:37:00;480
"PE-00580";"PE-00591";2020-05-06 08:33:00;180
"PE-00600";"PE-00590";2020-05-06 08:33:30;270
"PE-00618";"PE-00595";2020-05-06 08:33:30;210
"PA-00378";"PE-00612";2020-05-06 08:33:30;270
"PE-00616";"PE-00588";2020-05-06 08:34:00;540
"PE-00616";"PE-00568";2020-05-06 08:34:30;600
"PE-00623";"PE-00609";2020-05-06 08:34:30;240
"PA-00370";"PE-00582";2020-05-06 08:35:00;990
"PE-00575";"PE-00619";2020-05-06 08:35:00;150
"PE-00588";"PE-00568";2020-05-06 08:35:30;1170
"PE-00570";"PE-00571";2020-05-06 08:36:00;1170
"PE-00616";"PE-00585";2020-05-06 08:36:00;540
"PE-00619";"PE-00592";2020-05-06 08:36:00;360
"PE-00571";"PE-00622";2020-05-06 08:36:30;30
"PE-00567";"PE-00612";2020-05-06 08:37:00;690
"PE-00590";"PA-00372";2020-05-06 08:37:00;1020
"PE-00605";"PE-00580";2020-05-06 08:37:00;30
"PE-00596";"PE-00612";2020-05-06 08:37:30;270
"PE-00584";"PE-00588";2020-05-06 08:38:00;180
"PE-00566";"PA-00371";2020-05-06 08:38:30;1350
"PE-00576";"PE-00610";2020-05-06 08:38:30;210
"PE-00611";"PE-00585";2020-05-06 08:38:30;420
"PE-00619";"PE-00609";2020-05-06 08:38:30;1410
"PE-00625";"PE-00583";2020-05-06 08:38:30;2370
"PE-00626";"PE-00617";2020-05-06 08:38:30;240
"PE-00563";"PE-00569";2020-05-06 08:39:00;3000
"PA-00376";"PE-00568";2020-05-06 08:39:30;1320
"PE-00621";"PE-00580";2020-05-06 08:39:30;810
"PE-00590";"PE-00570";2020-05-06 08:40:00;360
"PA-00368";"PE-00580";2020-05-06 08:41:30;360
"PA-00368";"PE-00576";2020-05-06 08:41:30;1740
"PE-00583";"PE-00581";2020-05-06 08:41:30;30
"PE-00624";"PE-00571";2020-05-06 08:41:30;600
"PE-00594";"PE-00565";2020-05-06 08:42:00;210
"PE-00584";"PE-00623";2020-05-06 08:42:30;60
"PE-00627";"PA-00372";2020-05-06 08:43:00;1320
"PE-00581";"PE-00573";2020-05-06 08:44:00;390
"PA-00375";"PE-00592";2020-05-06 08:44:00;450
"PE-00617";"PA-00382";2020-05-06 08:44:00;420
"PE-00568";"PE-00583";2020-05-06 08:44:30;240
"PE-00563";"PE-00571";2020-05-06 08:45:00;1500
"PE-00592";"PE-00617";2020-05-06 08:45:00;240
"PE-00597";"PA-00368";2020-05-06 08:45:00;1080
"PE-00621";"PE-00569";2020-05-06 08:45:00;120
"PE-00625";"PE-00597";2020-05-06 08:45:00;390
"PE-00569";"PE-00587";2020-05-06 08:45:30;120
"PE-00575";"PE-00618";2020-05-06 08:45:30;180
"PE-00618";"PE-00626";2020-05-06 08:46:00;240
"PE-00588";"PE-00624";2020-05-06 08:46:30;330
"PE-00573";"PE-00568";2020-05-06 08:47:00;420
"PE-00574";"PE-00570";2020-05-06 08:47:00;390
"PE-00628";"PE-00563";2020-05-06 08:47:00;960
"PE-00629";"PE-00605";2020-05-06 08:47:00;60
"PE-00564";"PE-00569";2020-05-06 08:48:00;1260
"PE-00588";"PE-00622";2020-05-06 08:48:00;270
"PE-00625";"PE-00574";2020-05-06 08:48:00;210
"PE-00568";"PE-00619";2020-05-06 08:48:30;210
"PE-00571";"PE-00589";2020-05-06 08:49:00;270
"PE-00565";"PE-00571";2020-05-06 08:49:30;300
"PE-00591";"PE-00626";2020-05-06 08:49:30;300
"PE-00612";"PA-00376";2020-05-06 08:49:30;330
"PE-00615";"PE-00584";2020-05-06 08:49:30;210
"PA-00381";"PE-00590";2020-05-06 08:49:30;570
"PE-00625";"PE-00615";2020-05-06 08:50:30;90
"PE-00605";"PE-00570";2020-05-06 08:51:00;450
"PE-00625";"PE-00611";2020-05-06 08:51:00;180
"PE-00627";"PE-00597";2020-05-06 08:51:00;180
"PE-00623";"PE-00614";2020-05-06 08:51:30;330
"PE-00624";"PE-00589";2020-05-06 08:51:30;210
"PA-00380";"PE-00610";2020-05-06 08:51:30;480
"PE-00594";"PA-00366";2020-05-06 08:52:00;810
"PE-00574";"PE-00582";2020-05-06 08:52:30;2580
"PE-00575";"PE-00568";2020-05-06 08:52:30;1620
"PE-00587";"PE-00584";2020-05-06 08:53:00;420
"PA-00375";"PE-00573";2020-05-06 08:53:00;1530
"PE-00618";"PE-00569";2020-05-06 08:54:00;120
"PE-00626";"PE-00566";2020-05-06 08:54:00;300
"PE-00569";"PE-00570";2020-05-06 08:55:00;150
"PE-00605";"PA-00379";2020-05-06 08:55:00;510
"PE-00597";"PE-00611";2020-05-06 08:56:30;150
"PE-00569";"PE-00625";2020-05-06 08:57:30;1290
"PE-00563";"PE-00567";2020-05-06 08:57:30;60
"PE-00580";"PE-00583";2020-05-06 08:58:00;480
"PE-00576";"PE-00582";2020-05-06 08:58:30;240
"PE-00631";"PE-00574";2020-05-06 08:58:30;4110
"PE-00570";"PE-00624";2020-05-06 08:59:00;150
"PA-00375";"PA-00370";2020-05-06 08:59:30;3030
"PE-00576";"PE-00571";2020-05-06 09:00:00;150
"PE-00619";"PE-00564";2020-05-06 09:00:00;30
"PE-00623";"PE-00590";2020-05-06 09:00:00;1140
"PE-00567";"PE-00609";2020-05-06 09:00:30;150
"PE-00625";"PE-00615";2020-05-06 09:00:30;420
"PE-00564";"PE-00580";2020-05-06 09:01:00;150
"PE-00625";"PE-00584";2020-05-06 09:01:00;120
"PE-00627";"PE-00575";2020-05-06 09:01:00;1590
"PE-00564";"PE-00581";2020-05-06 09:01:30;150
"PE-00587";"PA-00369";2020-05-06 09:01:30;1740
"PE-00612";"PE-00567";2020-05-06 09:01:30;180
"PE-00617";"PE-00594";2020-05-06 09:01:30;150
"PA-00365";"PE-00566";2020-05-06 09:02:00;3630
"PE-00588";"PA-00373";2020-05-06 09:02:30;210
"PA-00372";"PE-00609";2020-05-06 09:02:30;420
"PE-00605";"PA-00373";2020-05-06 09:02:30;660
"PA-00378";"PE-00565";2020-05-06 09:02:30;990
"PE-00628";"PE-00621";2020-05-06 09:02:30;120
"PE-00566";"PA-00366";2020-05-06 09:04:00;5100
"PA-00373";"PE-00609";2020-05-06 09:04:00;120
"PE-00609";"PA-00382";2020-05-06 09:04:00;450
"PE-00619";"PE-00626";2020-05-06 09:04:00;180
"PE-00573";"PE-00570";2020-05-06 09:04:30;150
"PE-00609";"PE-00600";2020-05-06 09:04:30;930
"PE-00570";"PA-00370";2020-05-06 09:05:00;1590
"PE-00590";"PE-00568";2020-05-06 09:05:00;30
"PE-00619";"PA-00379";2020-05-06 09:05:30;420
"PE-00582";"PE-00574";2020-05-06 09:06:00;780
"PE-00576";"PA-00368";2020-05-06 09:06:00;1830
"PE-00610";"PA-00373";2020-05-06 09:06:00;1260
"PE-00568";"PE-00593";2020-05-06 09:06:30;960
"PE-00618";"PE-00600";2020-05-06 09:06:30;60
"PE-00588";"PE-00584";2020-05-06 09:07:00;240
"PA-00371";"PE-00623";2020-05-06 09:07:00;540
"PE-00594";"PE-00587";2020-05-06 09:07:00;90
"PE-00605";"PE-00573";2020-05-06 09:07:30;360
"PE-00564";"PE-00587";2020-05-06 09:08:00;630
"PE-00588";"PE-00628";2020-05-06 09:08:00;120
"PE-00584";"PE-00587";2020-05-06 09:08:00;180
"PE-00584";"PA-00365";2020-05-06 09:08:00;570
"PE-00576";"PE-00617";2020-05-06 09:08:00;360
"PE-00595";"PE-00627";2020-05-06 09:08:00;60
"PE-00595";"PE-00628";2020-05-06 09:08:00;600
"PA-00372";"PE-00590";2020-05-06 09:08:30;150
"PE-00605";"PE-00631";2020-05-06 09:08:30;240
"PE-00583";"PE-00580";2020-05-06 09:09:00;450
"PE-00569";"PA-00377";2020-05-06 09:09:30;2220
"PE-00623";"PE-00610";2020-05-06 09:09:30;150
"PE-00583";"PE-00621";2020-05-06 09:10:00;90
"PE-00617";"PE-00566";2020-05-06 09:10:00;240
"PA-00368";"PE-00576";2020-05-06 09:10:30;750
"PE-00625";"PE-00583";2020-05-06 09:10:30;90
"PE-00565";"PE-00564";2020-05-06 09:11:00;180
"PE-00593";"PE-00582";2020-05-06 09:11:00;600
"PE-00600";"PE-00590";2020-05-06 09:11:00;1170
"PE-00588";"PE-00565";2020-05-06 09:12:00;150
"PE-00569";"PE-00597";2020-05-06 09:12:30;720
"PE-00582";"PE-00567";2020-05-06 09:12:30;420
"PE-00609";"PA-00370";2020-05-06 09:12:30;240
"PE-00573";"PE-00605";2020-05-06 09:13:00;90
"PA-00377";"PE-00567";2020-05-06 09:13:00;420
"PE-00593";"PE-00568";2020-05-06 09:13:30;150
"PE-00629";"PE-00570";2020-05-06 09:13:30;60
"PE-00594";"PE-00574";2020-05-06 09:14:00;120
"PE-00584";"PE-00616";2020-05-06 09:14:30;60
"PA-00369";"PE-00615";2020-05-06 09:14:30;330
"PE-00610";"PE-00624";2020-05-06 09:14:30;1110
"PE-00622";"PA-00380";2020-05-06 09:14:30;450
"PE-00578";"PE-00581";2020-05-06 09:15:00;210
"PE-00578";"PE-00625";2020-05-06 09:15:00;150
"PA-00366";"PE-00563";2020-05-06 09:15:30;570
"PE-00593";"PE-00570";2020-05-06 09:15:30;210
"PE-00569";"PE-00581";2020-05-06 09:16:00;180
"PE-00565";"PE-00581";2020-05-06 09:16:00;1050
"PE-00565";"PA-00378";2020-05-06 09:16:00;2250
"PE-00584";"PE-00576";2020-05-06 09:16:00;270
"PE-00597";"PE-00571";2020-05-06 09:16:00;720
"PE-00600";"PE-00581";2020-05-06 09:16:30;240
"PE-00618";"PE-00563";2020-05-06 09:16:30;390
"PE-00628";"PE-00609";2020-05-06 09:16:30;90
"PE-00582";"PE-00573";2020-05-06 09:17:00;1290
"PE-00625";"PE-00574";2020-05-06 09:17:00;480
"PE-00588";"PE-00568";2020-05-06 09:17:30;1170
"PE-00627";"PE-00614";2020-05-06 09:17:30;210
"PE-00628";"PE-00565";2020-05-06 09:17:30;210
"PE-00628";"PA-00372";2020-05-06 09:17:30;1230
"PE-00629";"PE-00626";2020-05-06 09:17:30;300
"PE-00571";"PA-00377";2020-05-06 09:18:00;2040
"PE-00575";"PA-00368";2020-05-06 09:18:00;480
"PE-00589";"PA-00366";2020-05-06 09:18:00;300
"PE-00622";"PE-00571";2020-05-06 09:18:00;270
"PE-00600";"PA-00382";2020-05-06 09:18:30;510
"PE-00626";"PE-00595";2020-05-06 09:18:30;360
"PE-00627";"PE-00610";2020-05-06 09:18:30;90
"PE-00627";"PE-00595";2020-05-06 09:19:00;150
"PE-00583";"PE-00574";2020-05-06 09:19:30;630
"PE-00609";"PE-00569";2020-05-06 09:19:30;60
"PE-00624";"PE-00589";2020-05-06 09:19:30;720
"PE-00570";"PE-00571";2020-05-06 09:20:00;450
"PE-00582";"PA-00370";2020-05-06 09:20:00;660
"PE-00628";"PE-00563";2020-05-06 09:20:00;720
"PE-00566";"PE-00617";2020-05-06 09:20:30;1410
"PE-00618";"PE-00569";2020-05-06 09:20:30;210
"PE-00574";"PE-00585";2020-05-06 09:21:00;300
"PE-00569";"PA-00382";2020-05-06 09:21:00;750
"PE-00621";"PE-00618";2020-05-06 09:21:00;240
"PE-00597";"PA-00372";2020-05-06 09:21:30;810
"PE-00565";"PA-00368";2020-05-06 09:22:00;570
"PE-00621";"PE-00580";2020-05-06 09:22:00;300
"PE-00600";"PA-00378";2020-05-06 09:22:30;240
"PE-00618";"PE-00571";2020-05-06 09:22:30;300
"PE-00629";"PE-00605";2020-05-06 09:22:30;90
"PE-00616";"PE-00627";2020-05-06 09:23:00;180
"PE-00595";"PE-00568";2020-05-06 09:23:30;570
"PA-00379";"PE-00605";2020-05-06 09:23:30;1350
"PA-00373";"PE-00622";2020-05-06 09:24:00;150
"PA-00370";"PE-00570";2020-05-06 09:24:30;360
"PE-00622";"PE-00614";2020-05-06 09:24:30;390
"PE-00609";"PE-00567";2020-05-06 09:25:30;210
"PE-00595";"PA-00379";2020-05-06 09:26:00;3000
"PE-00624";"PE-00580";2020-05-06 09:26:00;600
"PA-00378";"PE-00578";2020-05-06 09:26:00;420
"PA-00375";"PE-00585";2020-05-06 09:26:30;720
"PE-00619";"PE-00621";2020-05-06 09:26:30;660
"PE-00571";"PE-00576";2020-05-06 09:27:00;390
"PE-00575";"PE-00570";2020-05-06 09:27:30;240
"PE-00595";"PA-00374";2020-05-06 09:27:30;1260
"PE-00612";"PE-00594";2020-05-06 09:27:30;60
"PE-00626";"PE-00610";2020-05-06 09:28:00;90
"PE-00629";"PE-00575";2020-05-06 09:28:00;420
"PE-00622";"PE-00623";2020-05-06 09:28:30;180
"PE-00574";"PE-00570";2020-05-06 09:29:00;150
"PE-00576";"PE-00597";2020-05-06 09:29:00;810
"PE-00616";"PE-00631";2020-05-06 09:29:00;360
"PE-00600";"PE-00616";2020-05-06 09:29:30;90
"PE-00563";"PA-00380";2020-05-06 09:30:00;660
"PE-00567";"PE-00566";2020-05-06 09:30:30;150
"PE-00564";"PE-00566";2020-05-06 09:30:30;120
"PE-00564";"PE-00596";2020-05-06 09:31:30;60
"PE-00565";"PE-00573";2020-05-06 09:31:30;660
"PA-00373";"PE-00605";2020-05-06 09:31:30;960
"PE-00583";"PA-00369";2020-05-06 09:32:00;840
"PE-00596";"PA-00369";2020-05-06 09:32:00;1050
"PE-00597";"PE-00570";2020-05-06 09:32:00;210
"PE-00617";"PA-00382";2020-05-06 09:32:00;330
"PE-00584";"PE-00588";2020-05-06 09:34:00;210
"PE-00629";"PE-00569";2020-05-06 09:34:00;330
"PE-00595";"PE-00626";2020-05-06 09:34:30;300
"PA-00381";"PE-00618";2020-05-06 09:34:30;1590
"PE-00588";"PE-00623";2020-05-06 09:35:00;120
"PE-00578";"PE-00624";2020-05-06 09:35:00;180
"PE-00563";"PE-00571";2020-05-06 09:35:30;270
"PA-00371";"PE-00566";2020-05-06 09:35:30;510
"PE-00590";"PE-00623";2020-05-06 09:35:30;1320
"PE-00570";"PE-00573";2020-05-06 09:36:00;540
"PE-00574";"PA-00367";2020-05-06 09:36:00;750
"PE-00565";"PE-00574";2020-05-06 09:36:00;180
"PE-00626";"PE-00575";2020-05-06 09:36:00;420
"PE-00585";"PE-00616";2020-05-06 09:37:00;30
"PE-00597";"PE-00563";2020-05-06 09:38:00;660
"PE-00584";"PE-00625";2020-05-06 09:38:30;330
"PE-00578";"PA-00368";2020-05-06 09:38:30;720
"PA-00373";"PE-00610";2020-05-06 09:38:30;390
"PE-00612";"PE-00566";2020-05-06 09:38:30;420
"PE-00575";"PE-00584";2020-05-06 09:39:00;90
"PE-00595";"PE-00569";2020-05-06 09:39:00;780
"PE-00618";"PE-00615";2020-05-06 09:39:00;240
"PE-00618";"PE-00583";2020-05-06 09:39:00;210
"PE-00578";"PA-00375";2020-05-06 09:39:30;600
"PE-00567";"PE-00622";2020-05-06 09:40:30;780
"PE-00573";"PA-00372";2020-05-06 09:41:30;690
"PE-00585";"PA-00379";2020-05-06 09:41:30;1410
"PE-00595";"PA-00370";2020-05-06 09:42:00;420
"PE-00584";"PA-00376";2020-05-06 09:42:30;1020
"PA-00371";"PE-00565";2020-05-06 09:43:30;2460
"PE-00590";"PE-00600";2020-05-06 09:44:00;180
"PE-00596";"PE-00628";2020-05-06 09:44:00;990
"PE-00597";"PE-00595";2020-05-06 09:44:00;690
"PE-00567";"PE-00612";2020-05-06 09:44:30;60
"PE-00593";"PE-00580";2020-05-06 09:44:30;300
"PE-00605";"PE-00570";2020-05-06 09:44:30;90
"PE-00624";"PA-00382";2020-05-06 09:44:30;1080
"PE-00594";"PA-00376";2020-05-06 09:45:30;630
"PE-00563";"PE-00568";2020-05-06 09:46:00;330
"PE-00629";"PA-00368";2020-05-06 09:46:00;570
"PE-00574";"PE-00576";2020-05-06 09:47:30;120
"PE-00575";"PE-00605";2020-05-06 09:48:00;1110
"PA-00371";"PE-00631";2020-05-06 09:48:00;1320
"PE-00563";"PE-00582";2020-05-06 09:48:30;390
"PE-00625";"PE-00623";2020-05-06 09:48:30;180
"PE-00580";"PE-00626";2020-05-06 09:49:00;540
"PE-00580";"PA-00368";2020-05-06 09:49:00;1920
"PE-00612";"PA-00377";2020-05-06 09:49:00;1770
"PE-00574";"PE-00600";2020-05-06 09:49:30;330
"PE-00588";"PE-00567";2020-05-06 09:51:00;480
"PE-00583";"PE-00568";2020-05-06 09:51:00;60
"PE-00593";"PE-00622";2020-05-06 09:51:00;300
"PE-00589";"PA-00380";2020-05-06 09:51:30;330
"PE-00595";"PE-00573";2020-05-06 09:51:30;120
"PE-00610";"PE-00593";2020-05-06 09:51:30;30
"PE-00570";"PE-00585";2020-05-06 09:52:00;210
"PE-00628";"PE-00590";2020-05-06 09:52:00;210
"PE-00564";"PE-00619";2020-05-06 09:52:30;240
"PE-00610";"PE-00600";2020-05-06 09:52:30;600
"PE-00615";"PE-00580";2020-05-06 09:52:30;1020
"PE-00615";"PE-00625";2020-05-06 09:52:30;300
"PA-00373";"PE-00616";2020-05-06 09:53:00;450
"PE-00605";"PE-00618";2020-05-06 09:53:00;60
"PE-00570";"PE-00594";2020-05-06 09:53:30;210
"PA-00371";"PE-00571";2020-05-06 09:53:30;960
"PE-00631";"PE-00618";2020-05-06 09:53:30;990
"PE-00612";"PE-00568";2020-05-06 09:54:00;240
"PE-00628";"PE-00567";2020-05-06 09:54:00;480
"PE-00595";"PE-00600";2020-05-06 09:54:30;270
"PE-00624";"PE-00614";2020-05-06 09:55:00;540
"PE-00631";"PE-00614";2020-05-06 09:55:00;480
"PE-00628";"PE-00605";2020-05-06 09:55:30;120
"PE-00631";"PE-00622";2020-05-06 09:55:30;120
"PE-00590";"PE-00622";2020-05-06 09:56:00;1890
"PE-00600";"PE-00573";2020-05-06 09:56:30;180
"PE-00618";"PE-00575";2020-05-06 09:56:30;330
"PE-00574";"PE-00628";2020-05-06 09:57:00;180
"PE-00582";"PE-00571";2020-05-06 09:57:00;210
"PE-00589";"PE-00571";2020-05-06 09:57:30;570
"PE-00617";"PE-00610";2020-05-06 09:57:30;510
"PE-00581";"PE-00573";2020-05-06 09:58:00;30
"PE-00565";"PE-00571";2020-05-06 09:58:30;1800
"PE-00584";"PE-00582";2020-05-06 09:58:30;90
"PA-00367";"PE-00566";2020-05-06 09:58:30;300
"PE-00621";"PE-00590";2020-05-06 09:58:30;690
"PE-00581";"PE-00589";2020-05-06 09:59:30;1140
"PE-00589";"PE-00563";2020-05-06 09:59:30;450
"PE-00624";"PE-00616";2020-05-06 09:59:30;60
"PE-00566";"PE-00573";2020-05-06 10:00:00;630
"PE-00582";"PA-00371";2020-05-06 10:00:00;1320
"PE-00616";"PE-00585";2020-05-06 10:00:00;180
"PE-00621";"PE-00611";2020-05-06 10:00:00;720
"PE-00627";"PE-00591";2020-05-06 10:01:30;600
"PE-00616";"PE-00568";2020-05-06 10:02:00;150
"PE-00628";"PE-00574";2020-05-06 10:02:00;120
"PE-00568";"PE-00618";2020-05-06 10:02:30;840
"PE-00569";"PE-00591";2020-05-06 10:03:00;90
"PE-00587";"PE-00615";2020-05-06 10:04:00;120
"PE-00575";"PA-00372";2020-05-06 10:04:00;1650
"PE-00605";"PA-00373";2020-05-06 10:04:00;2280
"PE-00616";"PE-00621";2020-05-06 10:04:00;120
"PA-00378";"PE-00563";2020-05-06 10:04:30;390
"PA-00370";"PE-00624";2020-05-06 10:05:30;150
"PE-00583";"PE-00574";2020-05-06 10:05:30;1380
"PE-00605";"PE-00574";2020-05-06 10:05:30;990
"PE-00611";"PA-00377";2020-05-06 10:05:30;360
"PE-00612";"PE-00592";2020-05-06 10:05:30;660
"PE-00568";"PE-00610";2020-05-06 10:06:00;60
"PE-00627";"PE-00575";2020-05-06 10:06:00;480
"PE-00612";"PE-00570";2020-05-06 10:06:30;150
"PE-00619";"PE-00592";2020-05-06 10:06:30;150
"PE-00626";"PE-00595";2020-05-06 10:06:30;240
"PE-00569";"PE-00565";2020-05-06 10:07:00;570
"PE-00565";"PE-00591";2020-05-06 10:07:00;150
"PE-00575";"PE-00614";2020-05-06 10:08:00;870
"PE-00614";"PE-00589";2020-05-06 10:08:00;2100
"PE-00569";"PE-00563";2020-05-06 10:08:30;510
"PE-00588";"PA-00368";2020-05-06 10:08:30;270
"PE-00583";"PE-00619";2020-05-06 10:08:30;30
"PE-00616";"PE-00570";2020-05-06 10:08:30;180
"PA-00379";"PE-00566";2020-05-06 10:09:00;2310
"PE-00629";"PA-00370";2020-05-06 10:09:30;690
"PE-00618";"PE-00617";2020-05-06 10:10:30;120
"PE-00614";"PE-00628";2020-05-06 10:11:00;120
"PE-00569";"PE-00570";2020-05-06 10:11:30;660
"PE-00595";"PE-00578";2020-05-06 10:11:30;120
"PE-00584";"PA-00375";2020-05-06 10:12:00;1380
"PE-00610";"PE-00615";2020-05-06 10:12:00;840
"PE-00582";"PE-00573";2020-05-06 10:13:00;120
"PE-00595";"PE-00592";2020-05-06 10:13:00;150
"PE-00625";"PA-00379";2020-05-06 10:13:30;930
"PE-00566";"PE-00581";2020-05-06 10:14:00;600
"PE-00567";"PE-00574";2020-05-06 10:14:30;240
"PE-00578";"PE-00614";2020-05-06 10:14:30;930
"PE-00594";"PE-00592";2020-05-06 10:14:30;120
"PE-00580";"PE-00589";2020-05-06 10:16:00;120
"PE-00578";"PE-00563";2020-05-06 10:16:30;60
"PE-00628";"PA-00372";2020-05-06 10:16:30;2310
"PE-00629";"PE-00570";2020-05-06 10:17:00;330
"PE-00569";"PE-00595";2020-05-06 10:17:30;390
"PA-00382";"PE-00581";2020-05-06 10:17:30;240
"PE-00589";"PE-00582";2020-05-06 10:18:00;150
"PE-00565";"PE-00568";2020-05-06 10:19:00;180
"PA-00366";"PE-00570";2020-05-06 10:19:30;1860
"PE-00566";"PE-00611";2020-05-06 10:20:30;360
"PE-00588";"PE-00567";2020-05-06 10:20:30;540
"PE-00584";"PE-00563";2020-05-06 10:20:30;690
"PE-00625";"PE-00574";2020-05-06 10:20:30;120
"PE-00576";"PA-00374";2020-05-06 10:21:00;450
"PE-00567";"PE-00592";2020-05-06 10:22:30;150
"PE-00575";"PE-00597";2020-05-06 10:22:30;780
"PE-00625";"PA-00381";2020-05-06 10:22:30;540
"PE-00587";"PA-00381";2020-05-06 10:23:30;540
"PE-00578";"PE-00570";2020-05-06 10:23:30;270
"PA-00371";"PE-00571";2020-05-06 10:23:30;780
"PE-00621";"PE-00589";2020-05-06 10:23:30;2160
"PE-00566";"PE-00580";2020-05-06 10:24:00;420
"PE-00610";"PE-00623";2020-05-06 10:24:00;120
"PE-00625";"PE-00584";2020-05-06 10:24:00;1110
"PE-00584";"PE-00625";2020-05-06 10:24:30;510
"PE-00615";"PE-00580";2020-05-06 10:24:30;270
"PE-00616";"PE-00617";2020-05-06 10:24:30;2280
"PE-00615";"PE-00565";2020-05-06 10:25:00;1530
"PA-00366";"PE-00626";2020-05-06 10:26:00;330
"PE-00581";"PA-00382";2020-05-06 10:26:30;900
"PE-00594";"PE-00571";2020-05-06 10:26:30;360
"PA-00373";"PE-00589";2020-05-06 10:26:30;1170
"PE-00575";"PE-00563";2020-05-06 10:27:30;240
"PE-00575";"PA-00368";2020-05-06 10:27:30;1050
"PE-00576";"PE-00591";2020-05-06 10:27:30;450
"PE-00616";"PE-00583";2020-05-06 10:28:00;1440
"PE-00605";"PE-00573";2020-05-06 10:28:30;180
"PE-00575";"PE-00624";2020-05-06 10:29:00;30
"PE-00575";"PE-00573";2020-05-06 10:29:00;1020
"PE-00594";"PE-00622";2020-05-06 10:29:00;300
"PE-00592";"PE-00590";2020-05-06 10:29:30;600
"PE-00571";"PE-00595";2020-05-06 10:30:00;60
"PE-00588";"PA-00365";2020-05-06 10:30:30;1020
"PE-00591";"PE-00575";2020-05-06 10:30:30;480
"PE-00593";"PE-00570";2020-05-06 10:30:30;330
"PE-00563";"PE-00587";2020-05-06 10:31:00;240
"PE-00625";"PE-00622";2020-05-06 10:31:00;30
"PA-00374";"PE-00621";2020-05-06 10:31:30;120
"PE-00584";"PA-00367";2020-05-06 10:32:30;510
"PA-00367";"PE-00566";2020-05-06 10:32:30;960
"PE-00628";"PE-00625";2020-05-06 10:32:30;30
"PE-00578";"PE-00581";2020-05-06 10:33:00;330
"PE-00565";"PE-00584";2020-05-06 10:34:00;390
"PE-00594";"PA-00382";2020-05-06 10:34:00;1410
"PE-00612";"PE-00573";2020-05-06 10:34:30;300
"PE-00597";"PE-00589";2020-05-06 10:35:00;60
"PE-00563";"PE-00588";2020-05-06 10:35:30;510
"PA-00381";"PE-00590";2020-05-06 10:35:30;240
"PE-00597";"PE-00571";2020-05-06 10:36:00;120
"PE-00593";"PE-00568";2020-05-06 10:36:30;450
"PE-00567";"PA-00374";2020-05-06 10:37:00;1020
"PE-00565";"PA-00376";2020-05-06 10:37:00;2850
"PE-00610";"PA-00371";2020-05-06 10:37:30;540
"PE-00621";"PE-00580";2020-05-06 10:37:30;150
"PE-00578";"PE-00573";2020-05-06 10:38:30;300
"PE-00625";"PE-00583";2020-05-06 10:38:30;90
"PE-00616";"PE-00584";2020-05-06 10:39:00;510
"PE-00628";"PE-00583";2020-05-06 10:39:30;870
"PA-00371";"PE-00566";2020-05-06 10:40:00;150
"PE-00597";"PE-00570";2020-05-06 10:40:00;180
"PA-00373";"PE-00592";2020-05-06 10:40:00;120
"PE-00626";"PE-00566";2020-05-06 10:40:30;600
"PA-00379";"PE-00623";2020-05-06 10:40:30;300
"PE-00612";"PE-00628";2020-05-06 10:41:30;60
"PA-00376";"PE-00570";2020-05-06 10:42:30;840
"PE-00610";"PE-00624";2020-05-06 10:42:30;840
"PE-00612";"PE-00571";2020-05-06 10:42:30;420
"PE-00584";"PE-00588";2020-05-06 10:43:00;150
"PE-00575";"PE-00581";2020-05-06 10:43:30;930
"PE-00583";"PE-00580";2020-05-06 10:44:00;540
"PE-00594";"PE-00570";2020-05-06 10:44:00;90
"PE-00566";"PE-00610";2020-05-06 10:44:30;60
"PE-00581";"PE-00573";2020-05-06 10:45:00;60
"PE-00591";"PE-00617";2020-05-06 10:45:00;420
"PE-00585";"PE-00581";2020-05-06 10:46:30;420
"PA-00377";"PA-00382";2020-05-06 10:46:30;4140
"PE-00605";"PE-00570";2020-05-06 10:47:00;90
"PA-00370";"PE-00583";2020-05-06 10:48:30;1050
"PA-00373";"PE-00605";2020-05-06 10:49:00;180
"PE-00596";"PE-00573";2020-05-06 10:49:30;720
"PE-00597";"PE-00573";2020-05-06 10:50:30;270
"PE-00573";"PE-00566";2020-05-06 10:51:00;480
"PE-00568";"PE-00571";2020-05-06 10:51:00;300
"PE-00563";"PE-00589";2020-05-06 10:52:00;480
"PE-00588";"PE-00625";2020-05-06 10:52:00;510
"PE-00612";"PE-00567";2020-05-06 10:52:00;300
"PE-00575";"PE-00570";2020-05-06 10:53:00;180
"PE-00575";"PE-00618";2020-05-06 10:53:00;300
"PE-00576";"PA-00368";2020-05-06 10:53:00;420
"PE-00610";"PA-00375";2020-05-06 10:53:00;720
"PE-00569";"PE-00566";2020-05-06 10:53:30;180
"PE-00588";"PE-00568";2020-05-06 10:54:00;90
"PE-00587";"PE-00570";2020-05-06 10:54:00;150
"PE-00591";"PE-00580";2020-05-06 10:54:00;120
"PE-00595";"PE-00563";2020-05-06 10:54:00;540
"PE-00575";"PA-00366";2020-05-06 10:54:30;480
"PA-00372";"PE-00573";2020-05-06 10:54:30;240
"PE-00593";"PE-00589";2020-05-06 10:54:30;150
"PA-00376";"PE-00591";2020-05-06 10:54:30;330
"PE-00629";"PE-00612";2020-05-06 10:54:30;2100
"PE-00621";"PE-00569";2020-05-06 10:55:00;150
"PE-00580";"PE-00614";2020-05-06 10:55:30;240
"PA-00376";"PE-00566";2020-05-06 10:55:30;210
"PE-00574";"PA-00367";2020-05-06 10:56:00;1620
"PE-00587";"PE-00614";2020-05-06 10:56:30;270
"PE-00616";"PE-00588";2020-05-06 10:57:30;990
"PE-00610";"PE-00614";2020-05-06 10:58:00;570
"PE-00612";"PE-00575";2020-05-06 10:58:00;450
"PE-00593";"PA-00365";2020-05-06 10:58:30;1710
"PE-00590";"PE-00568";2020-05-06 10:59:00;30
"PE-00612";"PE-00588";2020-05-06 10:59:00;420
"PE-00617";"PE-00566";2020-05-06 10:59:00;330
"PE-00628";"PE-00623";2020-05-06 10:59:00;150
"PA-00379";"PE-00580";2020-05-06 10:59:30;30
"PE-00566";"PA-00366";2020-05-06 11:00:00;390
"PE-00584";"PE-00566";2020-05-06 11:00:00;840
"PE-00587";"PE-00582";2020-05-06 11:00:30;60
"PE-00580";"PE-00584";2020-05-06 11:01:00;150
"PE-00600";"PE-00580";2020-05-06 11:01:00;300
"PE-00628";"PE-00582";2020-05-06 11:01:00;90
"PE-00618";"PE-00575";2020-05-06 11:01:30;30
"PE-00571";"PE-00570";2020-05-06 11:02:00;900
"PE-00610";"PE-00574";2020-05-06 11:02:00;300
"PE-00581";"PE-00587";2020-05-06 11:02:30;30
"PE-00584";"PE-00588";2020-05-06 11:02:30;90
"PE-00614";"PE-00587";2020-05-06 11:02:30;240
"PE-00575";"PE-00566";2020-05-06 11:03:00;390
"PE-00591";"PE-00615";2020-05-06 11:03:00;120
"PE-00610";"PE-00618";2020-05-06 11:03:00;150
"PE-00589";"PE-00614";2020-05-06 11:04:00;210
"PE-00611";"PE-00585";2020-05-06 11:04:00;720
"PA-00381";"PE-00598";2020-05-06 11:55:00;3720
"PE-00610";"PE-00566";2020-05-06 11:05:00;780
"PE-00615";"PE-00587";2020-05-06 11:05:00;60
"PE-00628";"PE-00574";2020-05-06 11:05:00;270
"PE-00590";"PE-00568";2020-05-06 11:06:30;90
"PE-00611";"PE-00567";2020-05-06 11:06:30;630
"PE-00625";"PE-00570";2020-05-06 11:06:30;480
"PE-00626";"PA-00366";2020-05-06 11:07:30;570
"PE-00625";"PE-00583";2020-05-06 11:08:00;300
"PE-00576";"PE-00618";2020-05-06 11:08:30;90
"PE-00592";"PE-00622";2020-05-06 11:08:30;300
"PA-00378";"PE-00629";2020-05-06 11:10:00;2190
"PE-00609";"PE-00611";2020-05-06 11:10:30;480
"PE-00626";"PE-00587";2020-05-06 11:10:30;1500
"PE-00567";"PE-00592";2020-05-06 11:11:00;1020
"PE-00617";"PE-00611";2020-05-06 11:11:30;210
"PE-00576";"PE-00571";2020-05-06 11:12:30;270
"PE-00615";"PE-00580";2020-05-06 11:12:30;540
"PE-00622";"PE-00590";2020-05-06 11:12:30;4560
"PE-00617";"PE-00592";2020-05-06 11:13:00;90
"PE-00628";"PE-00570";2020-05-06 11:13:00;330
"PE-00628";"PA-00367";2020-05-06 11:13:00;330
"PE-00580";"PE-00615";2020-05-06 11:13:30;660
"PE-00588";"PE-00623";2020-05-06 11:14:00;300
"PE-00624";"PE-00594";2020-05-06 11:14:30;180
"PE-00592";"PE-00609";2020-05-06 11:15:00;450
"PE-00600";"PE-00612";2020-05-06 11:15:00;150
"PA-00382";"PE-00569";2020-05-06 11:15:30;810
"PE-00629";"PE-00623";2020-05-06 11:16:30;150
"PE-00567";"PE-00588";2020-05-06 11:17:30;120
"PE-00585";"PE-00611";2020-05-06 11:18:00;540
"PE-00611";"PE-00596";2020-05-06 11:18:30;60
"PE-00575";"PE-00581";2020-05-06 11:20:00;270
"PE-00600";"PE-00581";2020-05-06 11:20:30;390
"PE-00622";"PE-00581";2020-05-06 11:21:00;360
"PE-00573";"PE-00622";2020-05-06 11:21:30;330
"PE-00615";"PE-00614";2020-05-06 11:21:30;960
"PE-00583";"PE-00574";2020-05-06 11:22:30;810
"PA-00368";"PE-00576";2020-05-06 11:23:00;390
"PE-00624";"PE-00580";2020-05-06 11:23:00;420
"PE-00624";"PA-00370";2020-05-06 11:23:00;960
"PE-00587";"PE-00570";2020-05-06 11:24:30;330
"PE-00587";"PE-00573";2020-05-06 11:24:30;120
"PE-00626";"PA-00367";2020-05-06 11:25:00;1560
"PA-00368";"PE-00584";2020-05-06 11:26:00;780
"PE-00618";"PA-00368";2020-05-06 11:26:00;330
"PE-00611";"PE-00593";2020-05-06 11:27:30;120
"PE-00609";"PE-00567";2020-05-06 11:29:00;150
"PE-00609";"PA-00370";2020-05-06 11:29:00;210
"PE-00612";"PA-00369";2020-05-06 11:30:30;540
"PA-00367";"PE-00574";2020-05-06 11:31:00;720
"PE-00609";"PE-00563";2020-05-06 11:32:00;30
"PE-00628";"PE-00565";2020-05-06 11:32:00;780
"PE-00623";"PE-00581";2020-05-06 11:33:00;210
"PA-00379";"PE-00587";2020-05-06 11:33:30;960
"PE-00593";"PE-00580";2020-05-06 11:34:30;120
"PE-00575";"PA-00382";2020-05-06 11:35:00;1140
"PE-00615";"PE-00609";2020-05-06 11:35:00;600
"PE-00588";"PE-00622";2020-05-06 11:35:30;60
"PA-00373";"PE-00588";2020-05-06 11:35:30;1800
"PE-00614";"PE-00589";2020-05-06 11:37:00;630
"PE-00590";"PE-00563";2020-05-06 11:37:30;60
"PE-00623";"PE-00592";2020-05-06 11:38:00;570
"PE-00629";"PA-00368";2020-05-06 11:38:00;270
"PE-00566";"PA-00371";2020-05-06 11:38:30;750
"PE-00591";"PE-00580";2020-05-06 11:38:30;60
"PE-00623";"PE-00590";2020-05-06 11:38:30;210
"PE-00628";"PA-00372";2020-05-06 11:38:30;930
"PE-00609";"PE-00589";2020-05-06 11:39:30;3690
"PE-00626";"PE-00575";2020-05-06 11:39:30;270
"PE-00580";"PE-00581";2020-05-06 11:40:00;330
"PE-00585";"PE-00581";2020-05-06 11:40:00;240
"PE-00575";"PE-00565";2020-05-06 11:40:00;240
"PE-00600";"PE-00590";2020-05-06 11:40:00;150
"PA-00370";"PE-00570";2020-05-06 11:40:30;480
"PE-00566";"PE-00584";2020-05-06 11:41:00;510
"PA-00370";"PE-00588";2020-05-06 11:41:30;150
"PE-00596";"PE-00573";2020-05-06 11:41:30;150
"PE-00574";"PE-00570";2020-05-06 11:42:00;360
"PA-00378";"PE-00587";2020-05-06 11:42:30;540
"PE-00591";"PA-00366";2020-05-06 11:43:00;330
"PE-00615";"PE-00625";2020-05-06 11:43:30;180
"PA-00374";"PE-00615";2020-05-06 11:44:30;150
"PE-00628";"PE-00567";2020-05-06 11:44:30;300
"PA-00379";"PE-00590";2020-05-06 11:44:30;90
"PE-00596";"PA-00366";2020-05-06 11:45:00;1020
"PE-00597";"PA-00367";2020-05-06 11:46:00;930
"PE-00614";"PE-00575";2020-05-06 11:46:00;120
"PE-00611";"PE-00566";2020-05-06 11:46:30;210
"PE-00617";"PE-00610";2020-05-06 11:46:30;300
"PE-00616";"PE-00611";2020-05-06 11:47:00;30
"PE-00600";"PA-00378";2020-05-06 11:47:30;150
"PE-00580";"PE-00600";2020-05-06 11:48:00;120
"PE-00618";"PE-00594";2020-05-06 11:49:00;870
"PE-00573";"PE-00563";2020-05-06 11:49:30;390
"PE-00574";"PE-00610";2020-05-06 11:49:30;360
"PE-00634";"PE-00565";2020-05-06 11:58:00;1260
"PE-00622";"PA-00370";2020-05-06 11:51:00;480
"PA-00382";"PE-00588";2020-05-06 11:51:00;330
"PE-00605";"PE-00569";2020-05-06 11:51:30;270
"PE-00585";"PA-00371";2020-05-06 11:52:00;570
"PE-00626";"PA-00370";2020-05-06 11:52:00;120
"PE-00585";"PE-00609";2020-05-06 11:52:30;420
"PE-00589";"PA-00366";2020-05-06 11:53:30;360
"PA-00368";"PE-00587";2020-05-06 11:54:00;270
"PE-00584";"PE-00625";2020-05-06 11:54:00;120
"PE-00574";"PE-00585";2020-05-06 11:54:30;270
"PE-00583";"PE-00597";2020-05-06 11:54:30;90
"PE-00583";"PA-00378";2020-05-06 11:55:00;510
"PE-00584";"PE-00624";2020-05-06 11:55:30;60
"PE-00590";"PE-00592";2020-05-06 11:55:30;480
"PE-00569";"PE-00609";2020-05-06 11:56:00;270
"PE-00581";"PE-00573";2020-05-06 11:57:00;180
"PA-00370";"PE-00580";2020-05-06 11:57:30;330
"PA-00373";"PE-00605";2020-05-06 11:58:00;1050
"PE-00596";"PA-00377";2020-05-06 11:58:30;210
"PE-00605";"PE-00573";2020-05-06 12:00:00;360
"PE-00632";"PE-00601";2020-05-06 12:02:00;210
"PA-00367";"PE-00569";2020-05-06 12:00:30;510
"PE-00637";"PE-00635";2020-05-06 12:02:30;240
"PE-00634";"PE-00574";2020-05-06 12:03:00;1200
"PA-00379";"PE-00587";2020-05-06 12:03:00;2580
"PE-00569";"PE-00583";2020-05-06 12:04:30;690
"PE-00569";"PE-00594";2020-05-06 12:04:30;750
"PE-00598";"PE-00587";2020-05-06 12:04:30;1020
"PA-00376";"PE-00639";2020-05-06 12:08:00;690
"PE-00609";"PE-00589";2020-05-06 12:04:30;150
"PE-00610";"PE-00585";2020-05-06 12:04:30;1380
"PE-00629";"PE-00598";2020-05-06 12:04:30;840
"PE-00635";"PE-00603";2020-05-06 12:07:00;240
"PE-00592";"PE-00585";2020-05-06 12:05:00;180
"PA-00374";"PE-00588";2020-05-06 12:05:00;510
"PE-00628";"PE-00565";2020-05-06 12:05:00;420
"PE-00638";"PE-00635";2020-05-06 12:05:30;2820
"PE-00574";"PE-00583";2020-05-06 12:06:30;210
"PE-00592";"PE-00609";2020-05-06 12:06:30;390
"PE-00635";"PE-00638";2020-05-06 12:06:30;120
"PE-00595";"PA-00370";2020-05-06 12:07:00;990
"PE-00616";"PE-00594";2020-05-06 12:07:00;90
"PA-00370";"PE-00612";2020-05-06 12:07:30;510
"PE-00618";"PE-00569";2020-05-06 12:07:30;570
"PE-00624";"PE-00580";2020-05-06 12:07:30;1140
"PA-00372";"PE-00573";2020-05-06 12:08:30;660
"PE-00611";"PE-00581";2020-05-06 12:08:30;780
"PA-00366";"PE-00626";2020-05-06 12:09:30;2730
"PE-00639";"PE-00611";2020-05-06 12:09:30;300
"PE-00612";"PE-00569";2020-05-06 12:10:00;270
"PE-00565";"PE-00569";2020-05-06 12:10:30;90
"PA-00381";"PE-00587";2020-05-06 12:10:30;180
"PE-00583";"PA-00369";2020-05-06 12:11:30;540
"PE-00601";"PE-00639";2020-05-06 12:12:00;660
"PE-00632";"PA-00375";2020-05-06 12:12:00;1170
"PE-00584";"PE-00605";2020-05-06 12:13:00;150
"PE-00594";"PE-00588";2020-05-06 12:13:00;270
"PA-00376";"PE-00580";2020-05-06 12:13:00;90
"PE-00615";"PE-00580";2020-05-06 12:13:00;330
"PE-00635";"PE-00641";2020-05-06 12:14:00;510
"PE-00609";"PE-00621";2020-05-06 12:14:00;780
"PE-00618";"PE-00565";2020-05-06 12:14:00;360
"PE-00641";"PE-00635";2020-05-06 12:14:30;330
"PA-00374";"PE-00595";2020-05-06 12:16:00;1980
"PE-00635";"PE-00573";2020-05-06 12:16:00;120
"PE-00635";"PE-00618";2020-05-06 12:16:30;300
"PE-00593";"PE-00591";2020-05-06 12:17:30;180
"PE-00595";"PA-00378";2020-05-06 12:19:30;900
"PA-00377";"PE-00635";2020-05-06 12:20:00;900
"PE-00603";"PE-00635";2020-05-06 12:20:30;120
"PE-00583";"PE-00574";2020-05-06 12:21:30;30
"PE-00607";"PE-00599";2020-05-06 12:24:00;270
"PE-00633";"PE-00606";2020-05-06 12:24:00;330
"PE-00635";"PE-00637";2020-05-06 12:22:00;120
"PE-00592";"PE-00615";2020-05-06 12:22:30;300
"PE-00599";"PE-00637";2020-05-06 12:22:30;240
"PE-00629";"PE-00591";2020-05-06 12:22:30;90
"PE-00606";"PE-00633";2020-05-06 12:24:00;30
"PE-00635";"PE-00611";2020-05-06 12:24:00;90
"PE-00633";"PE-00616";2020-05-06 12:24:30;3210
"PE-00637";"PE-00599";2020-05-06 12:24:30;780
"PA-00367";"PE-00611";2020-05-06 12:25:00;570
"PE-00578";"PE-00621";2020-05-06 12:25:30;60
"PA-00366";"PE-00589";2020-05-06 12:28:30;90
"PE-00609";"PE-00585";2020-05-06 12:29:00;2070
"PA-00375";"PE-00573";2020-05-06 12:29:30;450
"PE-00591";"PE-00593";2020-05-06 12:30:00;180
"PE-00601";"PE-00626";2020-05-06 12:30:00;570
"PE-00604";"PE-00594";2020-05-06 12:30:00;150
"PE-00598";"PE-00624";2020-05-06 12:31:00;120
"PE-00604";"PE-00626";2020-05-06 12:31:30;240
"PE-00615";"PE-00585";2020-05-06 12:32:00;1140
"PE-00618";"PE-00584";2020-05-06 12:32:00;270
"PE-00633";"PE-00583";2020-05-06 12:34:00;390
"PA-00369";"PE-00583";2020-05-06 12:35:00;960
"PE-00595";"PE-00581";2020-05-06 12:35:00;60
"PE-00632";"PA-00371";2020-05-06 12:35:00;540
"PE-00642";"PE-00608";2020-05-06 12:35:00;270
"PE-00584";"PE-00606";2020-05-06 12:35:30;1020
"PE-00601";"PA-00366";2020-05-06 12:36:30;300
"PE-00595";"PE-00587";2020-05-06 12:37:00;810
"PE-00641";"PE-00615";2020-05-06 12:37:00;420
"PE-00592";"PE-00594";2020-05-06 12:37:30;1530
"PE-00595";"PE-00592";2020-05-06 12:37:30;60
"PE-00607";"PE-00601";2020-05-06 12:37:30;2280
"PE-00601";"PA-00381";2020-05-06 12:38:30;570
"PA-00381";"PE-00618";2020-05-06 12:38:30;2640
"PE-00611";"PE-00610";2020-05-06 12:39:00;870
"PA-00368";"PE-00614";2020-05-06 12:40:00;180
"PE-00640";"PE-00643";2020-05-06 12:41:30;1230
"PE-00607";"PE-00616";2020-05-06 12:42:00;210
"PE-00611";"PE-00585";2020-05-06 12:42:30;60
"PE-00641";"PE-00585";2020-05-06 12:42:30;90
"PE-00634";"PA-00375";2020-05-06 12:43:30;420
"PA-00370";"PE-00611";2020-05-06 12:44:00;60
"PE-00585";"PE-00610";2020-05-06 12:44:00;330
"PE-00624";"PE-00615";2020-05-06 12:44:00;480
"PE-00601";"PE-00632";2020-05-06 12:47:00;720
"PE-00640";"PE-00578";2020-05-06 12:47:00;570
"PE-00610";"PE-00623";2020-05-06 12:48:00;480
"PA-00371";"PE-00642";2020-05-06 12:48:30;2100
"PA-00365";"PE-00638";2020-05-06 12:49:00;510
"PE-00632";"PE-00644";2020-05-06 12:49:00;60
"PE-00592";"PE-00614";2020-05-06 12:49:30;510
"PE-00609";"PE-00610";2020-05-06 12:50:00;930
"PE-00616";"PA-00372";2020-05-06 12:50:30;1560
"PA-00374";"PE-00584";2020-05-06 12:51:00;420
"PA-00379";"PE-00638";2020-05-06 12:51:30;600
"PE-00608";"PE-00616";2020-05-06 12:52:30;1050
"PE-00607";"PE-00632";2020-05-06 12:53:00;270
"PE-00637";"PE-00593";2020-05-06 12:53:30;330
"PE-00591";"PE-00599";2020-05-06 12:54:00;1470
"PE-00593";"PE-00595";2020-05-06 12:54:30;60
"PE-00635";"PE-00601";2020-05-06 12:54:30;630
"PE-00595";"PE-00626";2020-05-06 12:55:00;210
"PA-00368";"PE-00622";2020-05-06 12:55:30;90
"PE-00598";"PA-00374";2020-05-06 12:55:30;330
"PE-00593";"PE-00580";2020-05-06 12:56:30;90
"PE-00626";"PA-00370";2020-05-06 12:58:30;840
"PE-00606";"PE-00633";2020-05-06 13:00:00;630
"PE-00639";"PE-00641";2020-05-06 13:00:00;450
"PA-00382";"PE-00581";2020-05-06 13:00:00;270
"PE-00608";"PE-00587";2020-05-06 13:00:30;360
"PE-00584";"PE-00641";2020-05-06 13:01:00;660
"PE-00592";"PE-00594";2020-05-06 13:01:00;180
"PE-00583";"PA-00370";2020-05-06 13:01:30;870
"PE-00607";"PE-00599";2020-05-06 13:01:30;150
"PE-00644";"PE-00606";2020-05-06 13:01:30;600
"PA-00368";"PE-00634";2020-05-06 13:03:00;600
"PE-00603";"PE-00632";2020-05-06 13:03:00;300
"PE-00610";"PE-00640";2020-05-06 13:03:00;30
"PE-00632";"PE-00614";2020-05-06 13:03:00;120
"PE-00584";"PE-00587";2020-05-06 13:03:30;540
"PE-00584";"PE-00636";2020-05-06 13:03:30;300
"PE-00633";"PE-00606";2020-05-06 13:03:30;1950
"PE-00633";"PE-00595";2020-05-06 13:03:30;540
"PE-00644";"PE-00632";2020-05-06 13:04:00;210
"PA-00373";"PE-00626";2020-05-06 13:04:30;810
"PA-00379";"PE-00637";2020-05-06 13:04:30;1470
"PA-00379";"PE-00587";2020-05-06 13:04:30;540
"PE-00580";"PE-00581";2020-05-06 13:05:00;1920
"PE-00580";"PE-00589";2020-05-06 13:05:30;150
"PE-00599";"PE-00637";2020-05-06 13:05:30;510
"PA-00378";"PE-00583";2020-05-06 13:05:30;240
"PA-00368";"PE-00640";2020-05-06 13:06:00;810
"PE-00593";"PE-00634";2020-05-06 13:06:00;540
"PE-00595";"PA-00370";2020-05-06 13:06:00;1470
"PE-00606";"PE-00636";2020-05-06 13:06:00;1200
"PE-00608";"PE-00642";2020-05-06 13:06:30;90
"PE-00614";"PE-00589";2020-05-06 13:06:30;330
"PE-00585";"PE-00581";2020-05-06 13:08:30;120
"PE-00635";"PE-00603";2020-05-06 13:08:30;120
"PE-00642";"PE-00626";2020-05-06 13:09:00;900
"PE-00601";"PE-00632";2020-05-06 13:10:30;270
"PA-00382";"PE-00594";2020-05-06 13:11:30;930
"PA-00368";"PE-00585";2020-05-06 13:12:30;1440
"PA-00370";"PE-00580";2020-05-06 13:12:30;60
"PA-00372";"PE-00590";2020-05-06 13:12:30;720
"PE-00599";"PE-00622";2020-05-06 13:12:30;330
"PA-00375";"PE-00595";2020-05-06 13:12:30;510
"PE-00589";"PE-00583";2020-05-06 13:13:00;120
"PA-00382";"PE-00606";2020-05-06 13:13:00;750
"PE-00622";"PE-00598";2020-05-06 13:13:30;90
"PE-00598";"PE-00587";2020-05-06 13:14:00;210
"PE-00608";"PE-00594";2020-05-06 13:14:00;240
"PA-00378";"PE-00593";2020-05-06 13:14:00;1440
"PE-00633";"PE-00604";2020-05-06 13:14:00;270
"PE-00637";"PE-00599";2020-05-06 13:14:00;120
"PE-00642";"PE-00599";2020-05-06 13:14:30;1080
"PA-00368";"PE-00584";2020-05-06 13:15:30;660
"PE-00642";"PE-00608";2020-05-06 13:15:30;210
"PE-00650";"PE-00595";2020-05-06 13:15:30;90
"PE-00603";"PE-00599";2020-05-06 13:16:00;270
"PE-00606";"PE-00584";2020-05-06 13:16:30;90
"PA-00376";"PE-00580";2020-05-06 13:16:30;30
"PE-00589";"PE-00614";2020-05-06 13:17:00;690
"PE-00594";"PE-00602";2020-05-06 13:17:30;60
"PE-00639";"PE-00584";2020-05-06 13:17:30;240
"PE-00650";"PE-00594";2020-05-06 13:17:30;150
"PE-00610";"PE-00638";2020-05-06 13:18:30;30
"PE-00648";"PA-00376";2020-05-06 13:41:00;3990
"PE-00599";"PE-00642";2020-05-06 13:20:00;360
"PE-00609";"PE-00585";2020-05-06 13:20:00;2040
"PE-00584";"PE-00614";2020-05-06 13:20:30;90
"PA-00374";"PE-00595";2020-05-06 13:20:30;2820
"PE-00584";"PE-00606";2020-05-06 13:21:30;180
"PE-00633";"PE-00636";2020-05-06 13:22:00;210
"PA-00368";"PE-00636";2020-05-06 13:22:30;2040
"PE-00598";"PE-00606";2020-05-06 13:22:30;870
"PE-00626";"PE-00642";2020-05-06 13:22:30;360
"PE-00640";"PE-00644";2020-05-06 13:22:30;180
"PE-00635";"PE-00645";2020-05-06 13:31:00;300
"PE-00640";"PE-00594";2020-05-06 13:23:00;150
"PA-00382";"PE-00587";2020-05-06 13:24:00;1320
"PA-00373";"PE-00632";2020-05-06 13:24:30;570
"PE-00604";"PE-00650";2020-05-06 13:24:30;30
"PA-00366";"PE-00641";2020-05-06 13:25:00;1950
"PE-00592";"PE-00621";2020-05-06 13:25:30;720
"PA-00382";"PE-00633";2020-05-06 13:25:30;720
"PE-00637";"PA-00371";2020-05-06 13:26:00;180
"PE-00590";"PA-00372";2020-05-06 13:26:30;780
"PE-00606";"PE-00644";2020-05-06 13:26:30;270
"PA-00382";"PE-00632";2020-05-06 13:28:30;2340
"PA-00375";"PE-00584";2020-05-06 13:29:30;480
"PE-00640";"PE-00633";2020-05-06 13:29:30;150
"PE-00587";"PA-00375";2020-05-06 13:30:00;570
"PE-00634";"PE-00593";2020-05-06 13:30:00;180
"PA-00370";"PE-00583";2020-05-06 13:30:30;930
"PE-00599";"PE-00603";2020-05-06 13:31:30;150
"PA-00381";"PE-00587";2020-05-06 13:31:30;1560
"PE-00648";"PE-00645";2020-05-06 13:41:00;480
"PE-00624";"PE-00584";2020-05-06 13:33:00;60
"PE-00645";"PE-00584";2020-05-06 13:33:00;270
"PE-00599";"PE-00641";2020-05-06 13:33:30;150
"PE-00601";"PE-00584";2020-05-06 13:33:30;570
"PA-00372";"PE-00641";2020-05-06 13:34:30;1140
"PA-00370";"PE-00595";2020-05-06 13:35:00;600
"PE-00587";"PE-00584";2020-05-06 13:35:00;240
"PE-00593";"PE-00595";2020-05-06 13:36:00;120
"PE-00636";"PE-00637";2020-05-06 13:36:00;300
"PA-00382";"PE-00635";2020-05-06 13:36:30;2550
"PA-00370";"PE-00648";2020-05-06 13:41:00;1440
"PE-00606";"PE-00634";2020-05-06 13:38:00;330
"PE-00638";"PE-00635";2020-05-06 13:38:00;1500
"PE-00641";"PE-00632";2020-05-06 13:38:00;330
"PA-00373";"PE-00634";2020-05-06 13:39:30;480
"PE-00587";"PE-00594";2020-05-06 13:40:00;810
"PE-00584";"PE-00626";2020-05-06 13:41:00;90
"PE-00584";"PE-00632";2020-05-06 13:41:00;810
"PE-00640";"PE-00645";2020-05-06 13:41:00;360
"PE-00641";"PE-00584";2020-05-06 13:41:00;180
"PA-00382";"PE-00602";2020-05-06 13:41:00;1740
"PE-00583";"PE-00580";2020-05-06 13:42:00;60
"PA-00373";"PE-00638";2020-05-06 13:42:00;2760
"PE-00638";"PE-00606";2020-05-06 13:42:00;120
"PA-00365";"PE-00583";2020-05-06 13:42:30;450
"PE-00622";"PE-00580";2020-05-06 13:43:00;120
"PE-00633";"PE-00603";2020-05-06 13:43:00;480
"PE-00603";"PA-00367";2020-05-06 13:43:30;1290
"PE-00626";"PE-00595";2020-05-06 13:43:30;360
"PE-00608";"PE-00603";2020-05-06 13:44:30;240
"PE-00644";"PE-00645";2020-05-06 13:44:30;690
"PE-00603";"PE-00635";2020-05-06 13:45:00;90
"PA-00379";"PE-00595";2020-05-06 13:45:00;570
"PE-00581";"PA-00382";2020-05-06 13:45:30;810
"PA-00373";"PE-00641";2020-05-06 13:45:30;630
"PE-00604";"PE-00626";2020-05-06 13:46:30;1110
"PE-00635";"PE-00601";2020-05-06 13:46:30;90
"PE-00599";"PE-00606";2020-05-06 13:47:30;300
"PA-00378";"PE-00640";2020-05-06 13:48:00;540
"PE-00639";"PE-00622";2020-05-06 13:48:00;240
"PE-00595";"PE-00636";2020-05-06 13:49:00;330
"PE-00623";"PE-00598";2020-05-06 13:50:00;180
"PE-00640";"PE-00641";2020-05-06 13:50:30;60
"PE-00645";"PE-00649";2020-05-06 13:50:30;330
"PE-00599";"PE-00607";2020-05-06 13:51:00;180
"PA-00378";"PE-00587";2020-05-06 13:51:30;2640
"PE-00639";"PE-00601";2020-05-06 13:51:30;120
"PE-00642";"PA-00366";2020-05-06 13:51:30;3450
"PE-00633";"PE-00632";2020-05-06 13:52:00;1410
"PE-00587";"PE-00642";2020-05-06 13:52:30;1410
"PA-00373";"PE-00583";2020-05-06 13:53:00;720
"PA-00376";"PE-00594";2020-05-06 13:53:00;330
"PE-00650";"PE-00592";2020-05-06 13:53:00;750
"PE-00648";"PE-00647";2020-05-06 13:54:00;210
"PE-00647";"PE-00641";2020-05-06 13:54:30;180
"PA-00374";"PE-00584";2020-05-06 13:55:00;270
"PE-00583";"PE-00633";2020-05-06 13:55:30;720
"PE-00593";"PE-00594";2020-05-06 13:56:00;2340
"PA-00376";"PE-00584";2020-05-06 13:56:00;1140
"PA-00370";"PE-00635";2020-05-06 13:56:30;390
"PE-00599";"PA-00374";2020-05-06 13:56:30;1350
"PA-00381";"PE-00598";2020-05-06 13:56:30;1590
"PE-00644";"PE-00637";2020-05-06 13:57:00;690
"PA-00365";"PE-00606";2020-05-06 13:57:30;840
"PE-00604";"PE-00594";2020-05-06 13:57:30;60
"PE-00595";"PE-00642";2020-05-06 13:58:30;960
"PE-00624";"PE-00598";2020-05-06 13:58:30;540
"PE-00601";"PE-00645";2020-05-06 13:59:30;1860
"PE-00607";"PA-00370";2020-05-06 13:59:30;1980
"PE-00623";"PE-00580";2020-05-06 13:59:30;270
"PE-00580";"PE-00615";2020-05-06 14:00:00;270
"PE-00590";"PE-00623";2020-05-06 14:00:30;540
"PE-00618";"PE-00584";2020-05-06 14:00:30;30
"PE-00624";"PE-00589";2020-05-06 14:00:30;300
"PA-00378";"PE-00587";2020-05-06 14:00:30;570
"PE-00598";"PE-00608";2020-05-06 14:01:00;330
"PE-00635";"PE-00592";2020-05-06 14:01:30;30
"PE-00584";"PE-00587";2020-05-06 14:02:00;720
"PE-00587";"PE-00636";2020-05-06 14:02:00;300
"PE-00649";"PE-00615";2020-05-06 14:02:00;450
"PE-00615";"PE-00580";2020-05-06 14:02:30;90
"PE-00648";"PE-00590";2020-05-06 14:02:30;180
"PE-00601";"PE-00621";2020-05-06 14:03:00;90
"PE-00601";"PE-00602";2020-05-06 14:03:00;840
"PE-00604";"PE-00594";2020-05-06 14:03:00;1920
"PE-00638";"PE-00640";2020-05-06 14:03:00;90
"PA-00382";"PE-00603";2020-05-06 14:04:00;1290
"PE-00634";"PE-00593";2020-05-06 14:05:00;180
"PE-00594";"PE-00587";2020-05-06 14:05:30;30
"PE-00622";"PE-00590";2020-05-06 14:06:00;240
"PE-00636";"PE-00609";2020-05-06 14:06:00;180
"PE-00642";"PE-00645";2020-05-06 14:06:00;60
"PE-00581";"PE-00583";2020-05-06 14:06:30;240
"PE-00592";"PA-00378";2020-05-06 14:06:30;420
"PA-00379";"PE-00587";2020-05-06 14:06:30;1950
"PE-00641";"PE-00636";2020-05-06 14:06:30;690
"PE-00648";"PA-00370";2020-05-06 14:06:30;810
"PA-00368";"PE-00587";2020-05-06 14:07:00;240
"PE-00602";"PE-00587";2020-05-06 14:07:00;1260
"PA-00374";"PE-00615";2020-05-06 14:07:00;1470
"PE-00609";"PE-00584";2020-05-06 14:07:30;990
"PE-00647";"PE-00648";2020-05-06 14:07:30;1950
"PE-00590";"PE-00592";2020-05-06 14:08:00;270
"PE-00626";"PE-00591";2020-05-06 14:08:00;420
"PE-00580";"PE-00585";2020-05-06 14:08:30;240
"PE-00592";"PA-00365";2020-05-06 14:08:30;60
"PE-00641";"PE-00626";2020-05-06 14:08:30;60
"PE-00603";"PE-00615";2020-05-06 14:09:00;570
"PE-00609";"PE-00585";2020-05-06 14:09:00;150
"PE-00609";"PE-00589";2020-05-06 14:09:00;2880
"PE-00626";"PE-00604";2020-05-06 14:09:00;30
"PE-00647";"PE-00618";2020-05-06 14:09:00;330
"PA-00368";"PE-00618";2020-05-06 14:09:30;1650
"PE-00608";"PA-00367";2020-05-06 14:10:30;180
"PE-00607";"PE-00598";2020-05-06 14:11:00;180
"PE-00644";"PE-00622";2020-05-06 14:11:00;150
"PE-00634";"PE-00641";2020-05-06 14:11:30;60
"PA-00379";"PE-00637";2020-05-06 14:12:30;540
"PE-00645";"PE-00584";2020-05-06 14:12:30;870
"PE-00645";"PA-00370";2020-05-06 14:12:30;330
"PE-00593";"PE-00580";2020-05-06 14:13:00;180
"PE-00622";"PE-00581";2020-05-06 14:13:00;270
"PE-00637";"PE-00599";2020-05-06 14:13:00;60
"PE-00606";"PE-00626";2020-05-06 14:13:30;150
"PE-00601";"PE-00604";2020-05-06 14:14:30;390
"PE-00642";"PE-00584";2020-05-06 14:14:30;1020
"PE-00622";"PE-00610";2020-05-06 14:15:00;60
"PA-00381";"PE-00587";2020-05-06 14:15:00;150
"PE-00589";"PE-00640";2020-05-06 14:15:30;30
"PE-00601";"PE-00584";2020-05-06 14:15:30;60
"PE-00626";"PA-00367";2020-05-06 14:16:30;510
"PE-00641";"PE-00587";2020-05-06 14:16:30;4200
"PE-00581";"PE-00585";2020-05-06 14:17:00;480
"PE-00591";"PE-00637";2020-05-06 14:17:00;60
"PE-00640";"PE-00647";2020-05-06 14:17:00;120
"PA-00379";"PE-00595";2020-05-06 14:17:00;660
"PE-00622";"PE-00649";2020-05-06 14:17:30;270
"PA-00368";"PE-00634";2020-05-06 14:18:00;1560
"PE-00592";"PE-00603";2020-05-06 14:18:30;330
"PE-00644";"PE-00637";2020-05-06 14:19:00;750
"PA-00382";"PE-00587";2020-05-06 14:19:00;750
"PE-00584";"PE-00624";2020-05-06 14:19:30;30
"PA-00374";"PE-00581";2020-05-06 14:19:30;2760
"PE-00645";"PE-00624";2020-05-06 14:19:30;120
"PE-00647";"PE-00635";2020-05-06 14:19:30;90
"PE-00584";"PE-00606";2020-05-06 14:20:00;960
"PA-00370";"PE-00595";2020-05-06 14:20:30;390
"PE-00604";"PA-00365";2020-05-06 14:20:30;390
"PE-00645";"PA-00376";2020-05-06 14:20:30;780
"PA-00378";"PE-00592";2020-05-06 14:21:30;210
"PE-00584";"PE-00609";2020-05-06 14:22:00;270
"PE-00599";"PE-00637";2020-05-06 14:23:00;510
"PE-00609";"PE-00590";2020-05-06 14:23:00;210
"PE-00632";"PA-00382";2020-05-06 14:23:00;360
"PA-00370";"PE-00645";2020-05-06 14:23:30;510
"PE-00587";"PE-00602";2020-05-06 14:23:30;60
"PE-00589";"PE-00580";2020-05-06 14:23:30;150
"PE-00592";"PE-00609";2020-05-06 14:23:30;60
"PE-00637";"PE-00635";2020-05-06 14:23:30;210
"PE-00602";"PE-00610";2020-05-06 14:24:00;210
"PE-00594";"PE-00615";2020-05-06 14:24:30;150
"PE-00581";"PE-00580";2020-05-06 14:25:00;300
"PE-00583";"PE-00580";2020-05-06 14:25:00;540
"PE-00587";"PE-00584";2020-05-06 14:25:00;60
"PE-00601";"PA-00381";2020-05-06 14:25:00;840
"PA-00374";"PE-00642";2020-05-06 14:25:30;630
"PE-00615";"PA-00370";2020-05-06 14:25:30;60
"PA-00379";"PE-00638";2020-05-06 14:26:00;240
"PE-00632";"PE-00618";2020-05-06 14:26:30;3600
"PE-00621";"PE-00623";2020-05-06 14:27:00;840
"PE-00633";"PE-00583";2020-05-06 14:27:00;870
"PA-00367";"PE-00608";2020-05-06 14:27:30;660
"PE-00602";"PE-00601";2020-05-06 14:28:00;180
"PE-00637";"PE-00626";2020-05-06 14:28:00;180
"PE-00650";"PE-00594";2020-05-06 14:28:30;210
"PA-00365";"PE-00592";2020-05-06 14:29:00;810
"PE-00636";"PE-00587";2020-05-06 14:29:00;180
"PE-00637";"PE-00644";2020-05-06 14:29:00;150
"PE-00589";"PE-00650";2020-05-06 14:29:30;90
"PE-00604";"PE-00626";2020-05-06 14:29:30;300
"PA-00378";"PE-00593";2020-05-06 14:29:30;3060
"PE-00647";"PE-00580";2020-05-06 14:29:30;150
"PA-00370";"PE-00594";2020-05-06 14:30:00;300
"PA-00372";"PE-00594";2020-05-06 14:30:00;300
"PE-00589";"PE-00609";2020-05-06 14:30:00;210
"PE-00647";"PE-00594";2020-05-06 14:30:00;180
"PE-00610";"PA-00382";2020-05-06 14:30:30;150
"PE-00635";"PE-00633";2020-05-06 14:31:00;30
"PE-00649";"PE-00632";2020-05-06 14:31:00;300
"PE-00642";"PE-00638";2020-05-06 14:31:30;60
"PE-00593";"PE-00603";2020-05-06 14:32:30;780
"PE-00610";"PE-00632";2020-05-06 14:34:00;90
"PE-00650";"PE-00592";2020-05-06 14:34:00;90
"PE-00615";"PE-00649";2020-05-06 14:34:30;420
"PA-00377";"PE-00635";2020-05-06 14:35:00;360
"PE-00598";"PE-00607";2020-05-06 14:35:30;30
"PA-00379";"PE-00608";2020-05-06 14:35:30;480
"PE-00641";"PE-00584";2020-05-06 14:35:30;60
"PE-00584";"PE-00601";2020-05-06 14:36:30;330
"PE-00623";"PE-00590";2020-05-06 14:36:30;900
"PA-00376";"PE-00634";2020-05-06 14:37:00;1800
"PE-00610";"PE-00608";2020-05-06 14:37:00;60
"PE-00623";"PE-00624";2020-05-06 14:37:30;330
"PE-00637";"PE-00632";2020-05-06 14:40:00;180
"PE-00615";"PE-00590";2020-05-06 14:40:30;600
"PE-00632";"PE-00601";2020-05-06 14:41:00;90
"PE-00621";"PA-00370";2020-05-06 14:41:30;210
"PE-00602";"PE-00585";2020-05-06 14:42:00;210
"PA-00376";"PE-00584";2020-05-06 14:42:00;990
"PE-00593";"PA-00374";2020-05-06 14:43:00;1230
"PE-00640";"PE-00607";2020-05-06 14:43:00;120
"PE-00592";"PE-00590";2020-05-06 14:43:30;330
"PE-00636";"PE-00584";2020-05-06 14:43:30;270
"PE-00585";"PE-00584";2020-05-06 14:44:00;120
"PE-00608";"PE-00642";2020-05-06 14:44:30;840
"PE-00590";"PE-00581";2020-05-06 14:45:30;870
"PE-00622";"PE-00618";2020-05-06 14:45:30;360
"PE-00626";"PA-00370";2020-05-06 14:46:00;210
"PA-00378";"PE-00599";2020-05-06 14:46:00;930
"PE-00632";"PA-00374";2020-05-06 14:47:00;330
"PE-00622";"PE-00650";2020-05-06 14:47:30;90
"PA-00368";"PE-00584";2020-05-06 14:48:00;600
"PE-00632";"PE-00584";2020-05-06 14:48:00;510
"PE-00624";"PE-00580";2020-05-06 14:48:30;1020
"PE-00589";"PE-00624";2020-05-06 14:49:30;270
"PE-00609";"PA-00377";2020-05-06 14:49:30;180
"PE-00608";"PE-00580";2020-05-06 14:50:00;270
"PE-00615";"PE-00585";2020-05-06 14:50:00;990
"PE-00621";"PE-00580";2020-05-06 14:50:00;510
"PE-00584";"PE-00618";2020-05-06 14:50:30;210
"PE-00585";"PE-00621";2020-05-06 14:51:00;1440
"PE-00581";"PA-00367";2020-05-06 14:51:30;120
"PA-00381";"PE-00626";2020-05-06 14:51:30;630
"PE-00585";"PA-00379";2020-05-06 14:52:00;360
"PE-00633";"PE-00645";2020-05-06 14:52:00;390
"PE-00601";"PE-00599";2020-05-06 14:52:30;90
"PE-00647";"PA-00368";2020-05-06 14:53:00;720
"PE-00592";"PE-00585";2020-05-06 14:54:30;450
"PE-00638";"PE-00635";2020-05-06 14:55:00;360
"PE-00585";"PE-00641";2020-05-06 14:55:30;180
"PA-00372";"PE-00584";2020-05-06 14:55:30;1770
"PE-00623";"PE-00584";2020-05-06 14:57:00;210
"PE-00589";"PE-00581";2020-05-06 14:57:30;450
"PA-00374";"PE-00584";2020-05-06 14:57:30;390
"PE-00609";"PE-00601";2020-05-06 14:57:30;60
"PE-00632";"PE-00623";2020-05-06 14:58:30;120
"PA-00372";"PE-00584";2020-05-06 15:00:00;450
"PE-00606";"PE-00584";2020-05-06 15:00:30;240
"PE-00610";"PE-00623";2020-05-06 15:00:30;810
"PE-00642";"PE-00584";2020-05-06 15:00:30;150
"PE-00648";"PE-00603";2020-05-06 15:00:30;1980
"PA-00368";"PE-00584";2020-05-06 15:01:00;720
"PE-00601";"PE-00606";2020-05-06 15:01:00;450
"PE-00633";"PE-00606";2020-05-06 15:01:00;1680
"PE-00601";"PE-00584";2020-05-06 15:01:30;300
"PE-00638";"PE-00606";2020-05-06 15:01:30;150
"PE-00639";"PA-00376";2020-05-06 15:01:30;660
"PE-00599";"PE-00622";2020-05-06 15:02:30;180
"PE-00642";"PE-00599";2020-05-06 15:02:30;210
"PE-00633";"PA-00372";2020-05-06 15:03:30;360
"PE-00584";"PE-00647";2020-05-06 15:04:00;900
"PE-00581";"PE-00610";2020-05-06 15:04:30;270
"PE-00639";"PE-00599";2020-05-06 15:04:30;930
"PA-00381";"PE-00598";2020-05-06 15:04:30;690
"PE-00632";"PE-00634";2020-05-06 15:05:00;240
"PA-00368";"PE-00634";2020-05-06 15:05:30;390
"PA-00372";"PE-00641";2020-05-06 15:06:30;270
"PE-00606";"PE-00590";2020-05-06 15:07:00;90
"PE-00610";"PE-00593";2020-05-06 15:07:00;240
"PA-00381";"PE-00587";2020-05-06 15:07:00;150
"PE-00590";"PE-00606";2020-05-06 15:08:00;180
"PE-00638";"PE-00635";2020-05-06 15:08:00;270
"PE-00649";"PE-00632";2020-05-06 15:08:30;1320
"PE-00592";"PE-00603";2020-05-06 15:09:00;120
"PE-00599";"PE-00645";2020-05-06 15:09:00;210
"PE-00581";"PE-00585";2020-05-06 15:09:30;660
"PE-00640";"PE-00642";2020-05-06 15:09:30;480
"PA-00373";"PE-00603";2020-05-06 15:10:00;1080
"PE-00584";"PE-00587";2020-05-06 15:10:30;240
"PE-00645";"PE-00584";2020-05-06 15:10:30;120
"PE-00606";"PE-00602";2020-05-06 15:11:00;480
"PA-00378";"PE-00592";2020-05-06 15:11:00;450
"PE-00634";"PE-00593";2020-05-06 15:11:00;420
"PE-00650";"PA-00372";2020-05-06 15:11:00;630
"PA-00376";"PE-00638";2020-05-06 15:11:30;990
"PE-00608";"PA-00367";2020-05-06 15:12:30;390
"PE-00647";"PE-00584";2020-05-06 15:12:30;180
"PE-00615";"PE-00585";2020-05-06 15:13:30;90
"PA-00378";"PE-00587";2020-05-06 15:13:30;210
"PE-00639";"PE-00584";2020-05-06 15:14:00;90
"PE-00637";"PE-00602";2020-05-06 15:14:30;90
"PE-00640";"PE-00587";2020-05-06 15:14:30;420
"PE-00650";"PE-00635";2020-05-06 15:15:00;540
"PA-00365";"PE-00647";2020-05-06 15:16:00;600
"PA-00382";"PE-00587";2020-05-06 15:16:00;450
"PA-00366";"PE-00593";2020-05-06 15:16:30;510
"PE-00648";"PE-00635";2020-05-06 15:16:30;360
"PE-00647";"PE-00633";2020-05-06 15:17:30;120
"PE-00641";"PE-00606";2020-05-06 15:18:00;510
"PE-00584";"PE-00607";2020-05-06 15:19:00;330
"PA-00366";"PE-00589";2020-05-06 15:19:30;240
"PA-00373";"PE-00645";2020-05-06 15:20:00;540
"PE-00606";"PE-00608";2020-05-06 15:20:30;180
"PE-00587";"PE-00603";2020-05-06 15:21:30;360
"PE-00604";"PE-00603";2020-05-06 15:22:00;300
"PE-00603";"PE-00604";2020-05-06 15:22:30;540
"PE-00601";"PE-00602";2020-05-06 15:23:30;60
"PE-00607";"PE-00599";2020-05-06 15:23:30;150
"PE-00638";"PE-00603";2020-05-06 15:23:30;270
"PE-00608";"PE-00632";2020-05-06 15:24:00;150
"PA-00367";"PE-00633";2020-05-06 15:25:00;1620
"PE-00603";"PE-00638";2020-05-06 15:25:00;540
"PA-00379";"PE-00642";2020-05-06 15:25:00;510
"PE-00590";"PE-00649";2020-05-06 15:25:30;2700
"PE-00608";"PE-00587";2020-05-06 15:25:30;240
"PE-00638";"PE-00640";2020-05-06 15:25:30;150
"PE-00641";"PE-00603";2020-05-06 15:25:30;330
"PE-00603";"PA-00367";2020-05-06 15:26:00;1740
"PE-00640";"PE-00638";2020-05-06 15:26:30;330
"PE-00608";"PE-00642";2020-05-06 15:27:00;240
"PE-00632";"PE-00601";2020-05-06 15:27:00;1110
"PE-00636";"PA-00366";2020-05-06 15:27:00;810
"PE-00584";"PE-00601";2020-05-06 15:27:30;450
"PE-00636";"PE-00584";2020-05-06 15:28:30;450
"PE-00615";"PE-00637";2020-05-06 15:29:00;120
"PE-00615";"PE-00580";2020-05-06 15:29:30;120
"PE-00642";"PE-00607";2020-05-06 15:30:00;690
"PA-00368";"PE-00587";2020-05-06 15:30:30;510
"PE-00633";"PE-00647";2020-05-06 15:30:30;120
"PE-00607";"PE-00584";2020-05-06 15:31:00;210
"PE-00640";"PE-00607";2020-05-06 15:31:00;210
"PE-00648";"PE-00604";2020-05-06 15:31:00;180
"PA-00372";"PE-00601";2020-05-06 15:31:30;360
"PA-00370";"PE-00607";2020-05-06 15:32:00;540
"PE-00637";"PE-00599";2020-05-06 15:32:00;210
"PA-00371";"PE-00584";2020-05-06 15:32:30;180
"PE-00590";"PE-00623";2020-05-06 15:33:30;810
"PE-00604";"PE-00580";2020-05-06 15:33:30;240
"PA-00374";"PE-00584";2020-05-06 15:34:00;390
"PE-00640";"PE-00608";2020-05-06 15:34:00;120
"PE-00580";"PE-00634";2020-05-06 15:34:30;120
"PE-00593";"PE-00585";2020-05-06 15:34:30;540
"PE-00607";"PE-00598";2020-05-06 15:34:30;870
"PE-00635";"PE-00603";2020-05-06 15:34:30;450
"PE-00598";"PE-00587";2020-05-06 15:35:00;660
"PE-00593";"PE-00634";2020-05-06 15:36:30;240
"PE-00641";"PE-00584";2020-05-06 15:37:00;180
"PE-00598";"PE-00633";2020-05-06 15:39:00;120
"PE-00650";"PE-00592";2020-05-06 15:39:00;30
"PE-00637";"PE-00593";2020-05-06 15:40:00;210
"PE-00599";"PE-00584";2020-05-06 15:40:30;750
"PE-00610";"PE-00650";2020-05-06 15:41:00;180
"PE-00622";"PE-00581";2020-05-06 15:41:00;1020
"PE-00589";"PE-00585";2020-05-06 15:41:30;690
"PE-00581";"PE-00589";2020-05-06 15:42:00;600
"PE-00602";"PE-00587";2020-05-06 15:42:30;1020
"PE-00584";"PE-00603";2020-05-06 15:44:30;330
"PE-00599";"PE-00639";2020-05-06 15:44:30;480
"PE-00604";"PE-00601";2020-05-06 15:44:30;420
"PA-00374";"PE-00593";2020-05-06 15:45:00;420
"PE-00650";"PE-00611";2020-05-06 15:45:30;1410
"PE-00592";"PE-00590";2020-05-06 15:46:30;450
"PE-00647";"PE-00642";2020-05-06 15:46:30;330
"PE-00584";"PE-00606";2020-05-06 15:47:30;630
"PE-00645";"PE-00602";2020-05-06 15:48:30;180
"PE-00581";"PE-00580";2020-05-06 15:49:30;870
"PA-00381";"PE-00601";2020-05-06 15:49:30;1320
"PE-00590";"PE-00648";2020-05-06 15:50:30;2160
"PE-00635";"PE-00604";2020-05-06 15:50:30;720
"PE-00581";"PE-00592";2020-05-06 15:51:30;390
"PA-00365";"PE-00623";2020-05-06 15:53:00;750
"PA-00371";"PE-00632";2020-05-06 15:53:00;240
"PA-00379";"PE-00587";2020-05-06 15:53:00;540
"PA-00370";"PE-00632";2020-05-06 15:53:30;750
"PE-00639";"PE-00615";2020-05-06 15:53:30;270
"PE-00641";"PE-00645";2020-05-06 15:53:30;180
"PE-00615";"PE-00649";2020-05-06 15:54:00;4620
"PA-00373";"PE-00632";2020-05-06 15:54:30;930
"PE-00606";"PE-00633";2020-05-06 15:54:30;150
"PE-00610";"PE-00592";2020-05-06 15:54:30;690
"PA-00368";"PE-00601";2020-05-06 15:55:00;330
"PE-00642";"PE-00587";2020-05-06 15:55:00;540
"PE-00589";"PE-00593";2020-05-06 15:55:30;90
"PE-00624";"PE-00584";2020-05-06 15:55:30;150
"PE-00587";"PE-00615";2020-05-06 15:56:00;330
"PE-00640";"PE-00593";2020-05-06 15:56:00;90
"PE-00610";"PE-00602";2020-05-06 15:56:30;150
"PE-00636";"PE-00587";2020-05-06 15:57:30;90
"PE-00584";"PA-00366";2020-05-06 15:58:00;600
"PA-00382";"PE-00590";2020-05-06 15:58:00;1050
"PE-00587";"PE-00593";2020-05-06 15:58:30;480
"PE-00622";"PE-00593";2020-05-06 15:59:00;360
"PE-00635";"PE-00608";2020-05-06 15:59:00;120
"PE-00606";"PE-00639";2020-05-06 15:59:30;510
"PE-00632";"PE-00601";2020-05-06 16:00:30;150
"PA-00368";"PE-00580";2020-05-06 16:01:00;60
"PE-00593";"PE-00587";2020-05-06 16:01:00;390
"PE-00638";"PE-00599";2020-05-06 16:01:00;270
"PA-00366";"PE-00584";2020-05-06 16:01:30;390
"PA-00382";"PE-00587";2020-05-06 16:01:30;270
"PE-00592";"PE-00585";2020-05-06 16:02:00;210
"PE-00632";"PE-00584";2020-05-06 16:02:00;360
"PE-00590";"PE-00606";2020-05-06 16:02:30;420
"PE-00641";"PE-00603";2020-05-06 16:03:00;1800
"PE-00641";"PE-00585";2020-05-06 16:03:30;210
"PE-00638";"PE-00607";2020-05-06 16:04:30;180
"PA-00381";"PE-00587";2020-05-06 16:04:30;180
"PE-00604";"PE-00601";2020-05-06 16:05:00;1950
"PE-00634";"PE-00645";2020-05-06 16:05:00;150
"PE-00647";"PE-00633";2020-05-06 16:06:00;150
"PA-00368";"PE-00587";2020-05-06 16:06:30;810
"PE-00648";"PE-00633";2020-05-06 16:06:30;600
"PA-00367";"PE-00584";2020-05-06 16:07:30;30
"PE-00589";"PE-00580";2020-05-06 16:07:30;510
"PE-00649";"PE-00590";2020-05-06 16:07:30;150
"PE-00587";"PE-00639";2020-05-06 16:08:00;90
"PA-00367";"PE-00608";2020-05-06 16:08:30;210
"PE-00636";"PE-00598";2020-05-06 16:08:30;150
"PA-00374";"PE-00593";2020-05-06 16:09:00;870
"PA-00374";"PE-00636";2020-05-06 16:09:30;930
"PE-00637";"PE-00593";2020-05-06 16:09:30;570
"PE-00606";"PE-00637";2020-05-06 16:10:00;1230
"PE-00639";"PA-00376";2020-05-06 16:10:00;1020
"PE-00606";"PA-00368";2020-05-06 16:10:30;3180
"PE-00615";"PE-00601";2020-05-06 16:11:00;270
"PE-00604";"PE-00632";2020-05-06 16:11:30;180
"PE-00606";"PE-00638";2020-05-06 16:11:30;180
"PE-00645";"PE-00581";2020-05-06 16:13:00;120
"PE-00610";"PE-00623";2020-05-06 16:13:30;990
"PE-00633";"PE-00647";2020-05-06 16:13:30;270
"PE-00649";"PE-00622";2020-05-06 16:13:30;1200
"PE-00636";"PA-00368";2020-05-06 16:14:30;1380
"PA-00366";"PE-00598";2020-05-06 16:15:00;600
"PE-00634";"PE-00637";2020-05-06 16:16:00;360
"PE-00602";"PA-00376";2020-05-06 16:17:00;1620
"PE-00633";"PE-00598";2020-05-06 16:17:00;270
"PE-00581";"PE-00580";2020-05-06 16:18:00;780
"PE-00606";"PE-00633";2020-05-06 16:18:30;510
"PE-00590";"PE-00611";2020-05-06 16:19:00;1050
"PE-00610";"PE-00581";2020-05-06 16:19:00;660
"PE-00634";"PA-00378";2020-05-06 16:19:00;1410
"PE-00641";"PE-00599";2020-05-06 16:19:00;120
"PE-00585";"PE-00581";2020-05-06 16:20:00;600
"PE-00592";"PE-00590";2020-05-06 16:20:30;630
"PE-00592";"PE-00581";2020-05-06 16:20:30;270
"PA-00381";"PE-00640";2020-05-06 16:21:00;180
"PE-00638";"PE-00598";2020-05-06 16:21:30;450
"PE-00602";"PE-00587";2020-05-06 16:22:30;150
"PE-00641";"PE-00587";2020-05-06 16:22:30;1860
"PE-00580";"PE-00581";2020-05-06 16:23:30;690
"PE-00590";"PE-00589";2020-05-06 16:23:30;840
"PE-00590";"PE-00585";2020-05-06 16:24:30;270
"PE-00634";"PE-00606";2020-05-06 16:24:30;1350
"PA-00366";"PE-00589";2020-05-06 16:28:00;30
"PE-00633";"PE-00606";2020-05-06 16:28:00;240
"PA-00379";"PE-00593";2020-05-06 16:28:00;420
"PE-00634";"PE-00593";2020-05-06 16:28:30;690
"PE-00615";"PE-00580";2020-05-06 16:29:30;510
"PE-00598";"PE-00638";2020-05-06 16:30:30;210
"PE-00593";"PE-00649";2020-05-06 16:31:30;60
"PA-00366";"PE-00593";2020-05-06 16:32:00;480
"PE-00638";"PE-00635";2020-05-06 16:33:00;1170
"PA-00369";"PE-00608";2020-05-06 16:33:30;480
"PE-00615";"PE-00622";2020-05-06 16:34:00;270
"PA-00378";"PE-00593";2020-05-06 16:36:00;240
"PE-00648";"PE-00608";2020-05-06 16:36:00;570
"PE-00640";"PE-00634";2020-05-06 16:36:30;180
"PE-00637";"PE-00641";2020-05-06 16:37:00;300
"PE-00647";"PE-00606";2020-05-06 16:37:00;540
"PE-00604";"PE-00603";2020-05-06 16:37:30;900
"PE-00615";"PE-00593";2020-05-06 16:37:30;30
"PE-00645";"PE-00607";2020-05-06 16:37:30;1710
"PE-00633";"PE-00607";2020-05-06 16:38:00;210
"PA-00369";"PE-00587";2020-05-06 16:38:30;420
"PE-00637";"PE-00635";2020-05-06 16:39:00;300
"PA-00367";"PE-00633";2020-05-06 16:39:30;2850
"PE-00603";"PE-00606";2020-05-06 16:40:00;120
"PE-00622";"PE-00601";2020-05-06 16:40:30;480
"PE-00599";"PE-00638";2020-05-06 16:41:00;870
"PE-00642";"PE-00639";2020-05-06 16:41:00;750
"PE-00587";"PE-00607";2020-05-06 16:41:30;90
"PE-00589";"PE-00615";2020-05-06 16:42:00;450
"PE-00640";"PE-00587";2020-05-06 16:42:30;300
"PE-00647";"PE-00580";2020-05-06 16:42:30;30
"PA-00378";"PE-00587";2020-05-06 16:43:30;1470
"PE-00615";"PE-00647";2020-05-06 16:45:00;90
"PE-00611";"PE-00585";2020-05-06 16:46:30;780
"PE-00634";"PE-00632";2020-05-06 16:46:30;90
"PE-00638";"PE-00603";2020-05-06 16:47:00;150
"PE-00648";"PA-00369";2020-05-06 16:47:30;1020
"PA-00378";"PE-00601";2020-05-06 16:49:00;270
"PE-00632";"PE-00639";2020-05-06 16:50:00;540
"PE-00602";"PE-00601";2020-05-06 16:50:30;420
"PE-00648";"PA-00376";2020-05-06 16:50:30;1560
"PA-00367";"PE-00603";2020-05-06 16:53:30;120
"PE-00587";"PE-00635";2020-05-06 16:54:00;540
"PE-00615";"PE-00642";2020-05-06 16:55:00;30
"PE-00633";"PA-00381";2020-05-06 16:55:00;5040
"PE-00608";"PE-00639";2020-05-06 16:55:30;240
"PE-00581";"PE-00649";2020-05-06 16:56:00;720
"PE-00645";"PE-00602";2020-05-06 16:56:30;270
"PE-00590";"PE-00599";2020-05-06 16:57:00;450
"PE-00637";"PE-00599";2020-05-06 16:57:00;510
"PE-00647";"PE-00587";2020-05-06 16:57:00;180
"PE-00648";"PE-00639";2020-05-06 16:57:30;330
"PE-00641";"PE-00642";2020-05-06 16:59:30;390
"PA-00372";"PE-00601";2020-05-06 17:00:30;1290
"PE-00598";"PA-00366";2020-05-06 17:01:00;600
"PE-00633";"PE-00598";2020-05-06 17:01:00;150
"PE-00589";"PE-00581";2020-05-06 17:01:30;180
"PE-00599";"PE-00637";2020-05-06 17:01:30;720
"PA-00382";"PE-00587";2020-05-06 17:01:30;420
"PE-00645";"PE-00602";2020-05-06 17:02:30;300
"PE-00633";"PE-00606";2020-05-06 17:03:30;210
"PE-00636";"PE-00587";2020-05-06 17:03:30;150
"PE-00623";"PE-00589";2020-05-06 17:04:30;330
"PE-00642";"PE-00589";2020-05-06 17:05:00;300
"PE-00589";"PE-00640";2020-05-06 17:06:00;60
"PE-00633";"PE-00647";2020-05-06 17:06:00;450
"PA-00372";"PE-00603";2020-05-06 17:07:00;690
"PE-00601";"PE-00602";2020-05-06 17:07:00;720
"PE-00623";"PE-00649";2020-05-06 17:08:00;750
"PE-00645";"PE-00603";2020-05-06 17:08:30;780
"PA-00373";"PE-00603";2020-05-06 17:09:00;720
"PE-00599";"PE-00601";2020-05-06 17:09:30;630
"PE-00636";"PE-00598";2020-05-06 17:09:30;120
"PE-00590";"PE-00602";2020-05-06 17:10:00;30
"PA-00365";"PE-00604";2020-05-06 17:11:00;2220
"PA-00379";"PE-00647";2020-05-06 17:11:30;960
"PE-00601";"PE-00599";2020-05-06 17:12:00;510
"PE-00603";"PE-00647";2020-05-06 17:12:30;60
"PA-00376";"PE-00639";2020-05-06 17:12:30;840
"PE-00637";"PE-00599";2020-05-06 17:13:00;450
"PA-00378";"PE-00637";2020-05-06 17:13:30;3810
"PE-00608";"PE-00587";2020-05-06 17:14:30;480
"PE-00608";"PE-00604";2020-05-06 17:15:00;1260
"PE-00622";"PE-00599";2020-05-06 17:15:00;60
"PE-00635";"PE-00603";2020-05-06 17:15:00;450
"PE-00639";"PE-00601";2020-05-06 17:18:00;960
"PA-00365";"PE-00606";2020-05-06 17:18:30;1230
"PE-00638";"PE-00608";2020-05-06 17:18:30;330
"PE-00635";"PE-00642";2020-05-06 17:19:30;480
"PE-00606";"PE-00633";2020-05-06 17:21:00;180
"PE-00607";"PE-00587";2020-05-06 17:21:00;1440
"PE-00632";"PE-00601";2020-05-06 17:21:30;390
"PA-00368";"PE-00632";2020-05-06 17:22:00;4470
"PE-00581";"PE-00598";2020-05-06 17:22:00;360
"PE-00623";"PE-00590";2020-05-06 17:22:00;120
"PE-00603";"PE-00635";2020-05-06 17:24:30;210
"PE-00642";"PE-00603";2020-05-06 17:24:30;240
"PE-00649";"PE-00639";2020-05-06 17:25:00;120
"PA-00371";"PE-00632";2020-05-06 17:26:00;2730
"PE-00590";"PE-00623";2020-05-06 17:26:00;90
"PA-00373";"PE-00632";2020-05-06 17:26:00;450
"PA-00371";"PE-00640";2020-05-06 17:26:30;840
"PE-00598";"PE-00587";2020-05-06 17:29:00;210
"PE-00601";"PE-00632";2020-05-06 17:29:00;300
"PA-00372";"PE-00641";2020-05-06 17:29:30;1740
"PE-00604";"PE-00601";2020-05-06 17:32:00;360
"PE-00637";"PE-00635";2020-05-06 17:32:30;720
"PA-00371";"PE-00634";2020-05-06 17:33:00;2760
"PE-00601";"PE-00638";2020-05-06 17:33:30;120
"PE-00642";"PE-00587";2020-05-06 17:33:30;120
"PE-00649";"PE-00590";2020-05-06 17:33:30;720
"PA-00368";"PE-00637";2020-05-06 17:34:30;1020
"PA-00372";"PE-00598";2020-05-06 17:34:30;720
"PE-00649";"PE-00634";2020-05-06 17:34:30;90
"PA-00374";"PE-00598";2020-05-06 17:35:00;1170
"PE-00599";"PA-00374";2020-05-06 17:36:00;750
"PE-00649";"PE-00632";2020-05-06 17:36:30;30
"PA-00368";"PE-00638";2020-05-06 17:37:00;4620
"PE-00640";"PE-00589";2020-05-06 17:38:00;330
"PE-00645";"PA-00376";2020-05-06 17:39:00;1860
"PA-00372";"PE-00590";2020-05-06 17:40:30;90
"PA-00379";"PE-00632";2020-05-06 17:41:00;960
"PE-00642";"PE-00606";2020-05-06 17:42:00;240
"PA-00371";"PE-00642";2020-05-06 17:43:00;2280
"PE-00635";"PE-00634";2020-05-06 17:43:00;360
"PE-00601";"PE-00636";2020-05-06 17:45:30;30
"PE-00645";"PE-00599";2020-05-06 17:47:00;120
"PA-00367";"PE-00602";2020-05-06 17:48:00;630
"PE-00581";"PE-00589";2020-05-06 17:48:30;60
"PE-00589";"PA-00366";2020-05-06 17:49:00;1380
"PE-00639";"PE-00599";2020-05-06 17:49:00;900
"PE-00637";"PE-00639";2020-05-06 17:49:30;3150
"PA-00367";"PE-00608";2020-05-06 17:50:30;3030
"PA-00366";"PE-00598";2020-05-06 17:51:30;180
"PE-00648";"PE-00603";2020-05-06 17:52:00;450
"PA-00371";"PE-00637";2020-05-06 17:52:30;720
"PE-00642";"PE-00599";2020-05-06 17:53:30;810
"PA-00376";"PE-00642";2020-05-06 17:54:30;1680
"PA-00382";"PE-00581";2020-05-06 17:56:30;1320
"PE-00623";"PE-00581";2020-05-06 17:57:30;330
"PE-00642";"PE-00637";2020-05-06 17:59:00;450
"PA-00382";"PE-00604";2020-05-06 17:59:00;1500
"PE-00608";"PE-00598";2020-05-06 18:00:00;510
"PE-00642";"PE-00608";2020-05-06 18:00:30;240
"PE-00602";"PE-00601";2020-05-06 18:01:00;90
"PE-00637";"PA-00371";2020-05-06 18:01:30;630
"PA-00366";"PE-00636";2020-05-06 18:02:00;450
"PE-00608";"PE-00636";2020-05-06 18:02:30;300
"PE-00632";"PE-00645";2020-05-06 18:02:30;330
"PA-00381";"PE-00601";2020-05-06 18:03:00;390
"PE-00636";"PE-00647";2020-05-06 18:04:30;480
"PE-00647";"PE-00633";2020-05-06 18:04:30;270
"PE-00638";"PE-00598";2020-05-06 18:05:00;300
"PE-00601";"PE-00599";2020-05-06 18:05:30;2100
"PE-00601";"PE-00602";2020-05-06 18:06:00;1140
"PA-00379";"PE-00608";2020-05-06 18:06:30;150
"PE-00642";"PE-00599";2020-05-06 18:06:30;510
"PA-00382";"PE-00632";2020-05-06 18:06:30;540
"PE-00640";"PE-00608";2020-05-06 18:07:00;1380
"PE-00590";"PE-00623";2020-05-06 18:07:30;1230
"PE-00608";"PA-00379";2020-05-06 18:07:30;510
"PE-00598";"PE-00607";2020-05-06 18:08:30;1050
"PE-00633";"PE-00606";2020-05-06 18:08:30;240
"PA-00368";"PE-00603";2020-05-06 18:10:00;1740
"PE-00601";"PA-00369";2020-05-06 18:10:30;240
"PE-00623";"PE-00590";2020-05-06 18:10:30;1110
"PE-00636";"PE-00601";2020-05-06 18:11:00;480
"PA-00378";"PE-00632";2020-05-06 18:11:30;180
"PE-00633";"PE-00603";2020-05-06 18:12:00;210
"PA-00376";"PE-00639";2020-05-06 18:12:30;360
"PE-00581";"PE-00589";2020-05-06 18:13:30;390
"PE-00645";"PE-00639";2020-05-06 18:14:00;810
"PE-00649";"PE-00604";2020-05-06 18:14:30;390
"PE-00642";"PE-00581";2020-05-06 18:15:30;180
"PA-00365";"PE-00589";2020-05-06 18:17:30;600
"PE-00639";"PE-00647";2020-05-06 18:17:30;810
"PA-00371";"PE-00637";2020-05-06 18:20:00;2190
"PE-00608";"PA-00369";2020-05-06 18:20:00;210
"PE-00642";"PE-00632";2020-05-06 18:20:00;510
"PE-00632";"PE-00599";2020-05-06 18:20:30;270
"PE-00659";"PE-00642";2020-05-06 18:57:00;60
"PE-00581";"PE-00645";2020-05-06 18:21:30;360
"PE-00607";"PE-00598";2020-05-06 18:21:30;390
"PE-00598";"PE-00606";2020-05-06 18:23:30;120
"PA-00382";"PE-00581";2020-05-06 18:24:30;360
"PA-00365";"PE-00604";2020-05-06 18:25:30;600
"PE-00641";"PE-00599";2020-05-06 18:25:30;780
"PA-00370";"PE-00632";2020-05-06 18:27:00;300
"PE-00637";"PE-00648";2020-05-06 18:27:00;210
"PA-00365";"PE-00607";2020-05-06 18:27:30;180
"PE-00603";"PE-00634";2020-05-06 18:27:30;480
"PE-00637";"PE-00599";2020-05-06 18:27:30;270
"PE-00599";"PE-00632";2020-05-06 18:28:30;120
"PE-00606";"PE-00638";2020-05-06 18:31:30;390
"PE-00635";"PE-00601";2020-05-06 18:32:00;120
"PA-00366";"PE-00635";2020-05-06 18:32:30;780
"PA-00371";"PE-00632";2020-05-06 18:32:30;150
"PE-00660";"PE-00638";2020-05-06 18:58:00;720
"PE-00633";"PE-00598";2020-05-06 18:34:00;210
"PE-00581";"PE-00634";2020-05-06 18:35:00;120
"PA-00365";"PE-00606";2020-05-06 18:35:00;180
"PE-00599";"PE-00608";2020-05-06 18:35:00;90
"PE-00601";"PA-00381";2020-05-06 18:35:30;270
"PA-00370";"PE-00607";2020-05-06 18:36:00;120
"PE-00590";"PE-00606";2020-05-06 18:36:00;120
"PA-00370";"PE-00645";2020-05-06 18:36:30;900
"PE-00606";"PE-00607";2020-05-06 18:36:30;90
"PA-00366";"PE-00598";2020-05-06 18:37:00;120
"PA-00374";"PE-00598";2020-05-06 18:37:00;420
"PA-00381";"PE-00598";2020-05-06 18:37:00;300
"PE-00636";"PE-00606";2020-05-06 18:37:30;30
"PE-00647";"PE-00712";2020-05-06 18:52:00;120
"PE-00581";"PE-00598";2020-05-06 18:38:30;90
"PE-00623";"PE-00581";2020-05-06 18:39:30;60
"PE-00634";"PA-00368";2020-05-06 18:40:00;1440
"PA-00370";"PE-00635";2020-05-06 18:41:30;870
"PA-00379";"PE-00590";2020-05-06 18:42:00;210
"PE-00603";"PE-00581";2020-05-06 18:44:00;60
"PA-00377";"PE-00635";2020-05-06 18:44:30;960
"PA-00366";"PE-00601";2020-05-06 18:45:00;780
"PE-00589";"PE-00649";2020-05-06 18:45:00;1680
"PA-00370";"PE-00648";2020-05-06 18:47:30;450
"PE-00641";"PE-00638";2020-05-06 18:48:00;240
"PE-00637";"PE-00640";2020-05-06 18:48:30;330
"PA-00365";"PE-00633";2020-05-06 18:50:00;600
"PE-00590";"PE-00651";2020-05-06 18:50:00;1170
"PE-00598";"PE-00652";2020-05-06 18:50:00;120
"PE-00658";"PE-00635";2020-05-06 18:55:00;300
"PA-00365";"PE-00638";2020-05-06 18:51:30;810
"PE-00712";"PA-00371";2020-05-06 18:52:00;60
"PE-00637";"PA-00381";2020-05-06 18:52:30;210
"PE-00642";"PE-00601";2020-05-06 18:53:30;180
"PE-00712";"PE-00634";2020-05-06 18:53:30;180
"PE-00636";"PE-00598";2020-05-06 18:54:30;630
"PE-00632";"PE-00601";2020-05-06 18:57:00;180
"PE-00645";"PA-00369";2020-05-06 18:57:30;300
"PA-00379";"PE-00632";2020-05-06 18:58:00;570
"PE-00660";"PE-00632";2020-05-06 18:59:30;360
"PA-00366";"PE-00590";2020-05-06 19:00:00;210
"PA-00373";"PE-00634";2020-05-06 19:00:30;150
"PA-00377";"PE-00645";2020-05-06 19:00:30;210
"PE-00649";"PE-00712";2020-05-06 19:01:00;390
"PE-00652";"PE-00653";2020-05-06 19:01:00;1080
"PE-00651";"PE-00712";2020-05-06 19:02:00;210
"PA-00367";"PE-00602";2020-05-06 19:05:00;210
"PA-00373";"PE-00632";2020-05-06 19:05:00;180
"PE-00658";"PE-00655";2020-05-06 19:06:00;180
"PA-00371";"PE-00634";2020-05-06 19:06:30;690
"PE-00659";"PE-00681";2020-05-06 19:06:30;210
"PE-00665";"PE-00632";2020-05-06 19:19:00;360
"PE-00598";"PE-00633";2020-05-06 19:07:00;60
"PE-00636";"PE-00598";2020-05-06 19:07:00;420
"PE-00666";"PE-00657";2020-05-06 19:20:00;450
"PE-00581";"PE-00688";2020-05-06 19:11:00;60
"PE-00623";"PE-00684";2020-05-06 19:07:30;330
"PE-00589";"PE-00652";2020-05-06 19:09:30;210
"PE-00581";"PA-00382";2020-05-06 19:11:00;540
"PE-00662";"PE-00652";2020-05-06 19:12:30;690
"PE-00632";"PE-00665";2020-05-06 19:19:00;360
"PE-00663";"PE-00636";2020-05-06 19:13:30;30
"PA-00368";"PE-00634";2020-05-06 19:15:00;180
"PA-00371";"PE-00632";2020-05-06 19:16:30;510
"PE-00657";"PE-00688";2020-05-06 19:16:30;900
"PA-00365";"PE-00657";2020-05-06 19:17:00;600
"PA-00370";"PE-00648";2020-05-06 19:17:30;750
"PE-00656";"PE-00674";2020-05-06 19:17:30;630
"PE-00658";"PE-00632";2020-05-06 19:17:30;420
"PE-00653";"PE-00681";2020-05-06 19:18:30;150
"PA-00374";"PE-00581";2020-05-06 19:19:30;210
"PE-00665";"PE-00598";2020-05-06 19:19:30;3180
"PE-00664";"PE-00661";2020-05-06 19:20:30;1440
"PE-00712";"PE-00664";2020-05-06 19:21:00;60
"PE-00649";"PE-00657";2020-05-06 19:21:30;120
"PE-00659";"PE-00661";2020-05-06 19:21:30;180
"PE-00649";"PE-00660";2020-05-06 19:23:00;240
"PE-00652";"PE-00598";2020-05-06 19:24:00;60
"PE-00598";"PE-00665";2020-05-06 19:25:30;360
"PE-00674";"PE-00656";2020-05-06 19:26:00;120
"PE-00667";"PE-00649";2020-05-06 19:26:30;30
"PE-00689";"PE-00659";2020-05-06 19:27:00;1050
"PA-00376";"PE-00691";2020-05-06 19:28:00;330
"PE-00653";"PE-00658";2020-05-06 19:28:00;270
"PA-00379";"PE-00651";2020-05-06 19:29:30;420
"PA-00368";"PE-00598";2020-05-06 19:33:00;1560
"PA-00381";"PE-00590";2020-05-06 19:33:30;420
"PE-00663";"PE-00667";2020-05-06 19:33:30;360
"PE-00674";"PE-00669";2020-05-06 19:34:30;330
"PA-00367";"PE-00667";2020-05-06 19:35:30;1170
"PE-00666";"PE-00655";2020-05-06 19:36:00;750
"PE-00674";"PE-00660";2020-05-06 19:36:30;480
"PE-00691";"PE-00652";2020-05-06 19:36:30;180
"PE-00689";"PE-00658";2020-05-06 19:40:30;300
"PE-00662";"PE-00668";2020-05-06 19:41:30;120
"PA-00374";"PE-00669";2020-05-06 19:42:00;600
"PE-00581";"PE-00598";2020-05-06 19:42:30;150
"PA-00379";"PE-00658";2020-05-06 19:43:30;3840
"PE-00652";"PE-00656";2020-05-06 19:43:30;630
"PA-00374";"PE-00654";2020-05-06 19:45:00;1020
"PE-00659";"PE-00665";2020-05-06 19:45:00;300
"PE-00657";"PE-00666";2020-05-06 19:46:00;180
"PA-00372";"PE-00598";2020-05-06 19:47:30;480
"PE-00684";"PE-00653";2020-05-06 19:47:30;90
"PA-00374";"PE-00659";2020-05-06 19:50:30;2700
"PA-00366";"PE-00598";2020-05-06 19:53:00;840
"PA-00379";"PE-00659";2020-05-06 19:53:30;180
"PE-00657";"PE-00598";2020-05-06 19:53:30;750
"PE-00663";"PE-00652";2020-05-06 19:54:00;930
"PE-00684";"PE-00654";2020-05-06 19:55:00;90
"PE-00662";"PE-00654";2020-05-06 19:58:30;570
"PE-00712";"PE-00656";2020-05-06 19:58:30;1290
"PA-00367";"PE-00590";2020-05-06 19:59:30;240
"PE-00655";"PE-00688";2020-05-06 19:59:30;300
"PE-00654";"PE-00598";2020-05-06 20:00:00;540
"PE-00661";"PE-00653";2020-05-06 20:00:00;900
"PE-00688";"PE-00598";2020-05-06 20:00:00;300
"PE-00660";"PE-00658";2020-05-06 20:01:00;3420
"PE-00665";"PE-00663";2020-05-06 20:01:30;210
"PE-00667";"PE-00663";2020-05-06 20:01:30;60
"PE-00665";"PE-00712";2020-05-06 20:02:00;630
"PA-00373";"PE-00669";2020-05-06 20:02:30;1170
"PE-00661";"PE-00654";2020-05-06 20:02:30;570
"PE-00598";"PE-00661";2020-05-06 20:03:00;360
"PE-00660";"PE-00674";2020-05-06 20:03:00;180
"PE-00674";"PE-00660";2020-05-06 20:03:00;240
"PE-00691";"PE-00655";2020-05-06 20:03:30;810
"PE-00698";"PE-00660";2020-05-06 20:03:30;330
"PE-00666";"PE-00657";2020-05-06 20:05:00;270
"PE-00658";"PE-00712";2020-05-06 20:07:00;1560
"PE-00581";"PE-00598";2020-05-06 20:07:30;420
"PE-00651";"PE-00655";2020-05-06 20:08:00;330
"PE-00665";"PE-00669";2020-05-06 20:08:00;120
"PE-00669";"PE-00660";2020-05-06 20:08:00;510
"PA-00376";"PE-00691";2020-05-06 20:08:30;420
"PE-00665";"PE-00662";2020-05-06 20:09:00;510
"PE-00598";"PE-00658";2020-05-06 20:09:30;1080
"PA-00379";"PE-00658";2020-05-06 20:09:30;840
"PE-00651";"PA-00379";2020-05-06 20:10:00;330
"PE-00658";"PE-00659";2020-05-06 20:10:00;510
"PE-00658";"PE-00598";2020-05-06 20:10:30;1170
"PE-00690";"PE-00656";2020-05-06 20:10:30;4830
"PA-00382";"PE-00655";2020-05-06 20:12:00;660
"PA-00366";"PE-00653";2020-05-06 20:13:00;390
"PA-00369";"PE-00689";2020-05-06 20:13:00;1380
"PE-00654";"PE-00653";2020-05-06 20:13:30;810
"PE-00581";"PE-00659";2020-05-06 20:14:00;120
"PE-00581";"PE-00661";2020-05-06 20:14:30;150
"PE-00665";"PE-00659";2020-05-06 20:14:30;1770
"PA-00381";"PE-00581";2020-05-06 20:15:30;360
"PA-00369";"PE-00664";2020-05-06 20:16:00;4410
"PE-00660";"PE-00666";2020-05-06 20:17:00;630
"PE-00667";"PE-00660";2020-05-06 20:18:00;120
"PE-00590";"PA-00374";2020-05-06 20:20:00;90
"PE-00654";"PE-00662";2020-05-06 20:20:00;390
"PE-00666";"PE-00688";2020-05-06 20:20:00;750
"PE-00651";"PE-00712";2020-05-06 20:20:30;900
"PE-00581";"PA-00381";2020-05-06 20:22:00;300
"PE-00653";"PE-00698";2020-05-06 20:22:00;210
"PE-00662";"PE-00654";2020-05-06 20:22:00;1800
"PE-00665";"PE-00598";2020-05-06 20:22:00;60
"PE-00689";"PE-00691";2020-05-06 20:22:00;120
"PA-00376";"PE-00653";2020-05-06 20:23:00;750
"PE-00667";"PE-00653";2020-05-06 20:23:00;1740
"PA-00373";"PE-00660";2020-05-06 20:23:30;180
"PE-00590";"PE-00690";2020-05-06 20:24:30;450
"PE-00674";"PE-00653";2020-05-06 20:25:00;630
"PA-00368";"PE-00598";2020-05-06 20:25:30;270
"PE-00669";"PE-00665";2020-05-06 20:26:30;1410
"PE-00598";"PE-00653";2020-05-06 20:27:00;180
"PE-00666";"PE-00655";2020-05-06 20:28:30;330
"PE-00667";"PE-00656";2020-05-06 20:28:30;240
"PE-00651";"PE-00653";2020-05-06 20:29:00;330
"PE-00665";"PE-00655";2020-05-06 20:29:00;300
"PA-00377";"PE-00698";2020-05-06 20:29:30;810
"PE-00662";"PE-00659";2020-05-06 20:31:00;540
"PE-00667";"PE-00666";2020-05-06 20:31:00;120
"PE-00668";"PE-00662";2020-05-06 20:31:00;2070
"PE-00658";"PE-00653";2020-05-06 20:32:00;210
"PE-00666";"PE-00654";2020-05-06 20:32:30;660
"PE-00656";"PE-00652";2020-05-06 20:33:00;120
"PE-00665";"PE-00652";2020-05-06 20:33:30;210
"PE-00654";"PE-00661";2020-05-06 20:34:00;1290
"PE-00691";"PE-00652";2020-05-06 20:35:30;510
"PE-00656";"PE-00663";2020-05-06 20:37:00;450
"PE-00674";"PE-00652";2020-05-06 20:37:30;720
"PE-00656";"PE-00653";2020-05-06 20:38:00;780
"PE-00657";"PE-00666";2020-05-06 20:38:00;600
"PA-00379";"PE-00660";2020-05-06 20:38:30;90
"PE-00651";"PE-00581";2020-05-06 20:39:00;210
"PE-00666";"PE-00689";2020-05-06 20:42:00;330
"PE-00667";"PE-00681";2020-05-06 20:43:00;210
"PE-00689";"PE-00658";2020-05-06 20:43:30;660
"PA-00379";"PE-00681";2020-05-06 20:44:00;750
"PA-00378";"PE-00652";2020-05-06 20:46:00;2130
"PE-00658";"PE-00655";2020-05-06 20:46:00;270
"PE-00590";"PE-00581";2020-05-06 20:46:30;1050
"PE-00674";"PE-00669";2020-05-06 20:47:30;2460
"PE-00658";"PE-00660";2020-05-06 20:48:30;150
"PE-00665";"PE-00661";2020-05-06 20:48:30;630
"PE-00669";"PE-00661";2020-05-06 20:48:30;60
"PE-00688";"PE-00661";2020-05-06 20:48:30;1140
"PE-00698";"PE-00666";2020-05-06 20:49:00;120
"PE-00581";"PE-00684";2020-05-06 20:50:30;450
"PE-00661";"PE-00667";2020-05-06 20:52:30;540
"PE-00656";"PE-00666";2020-05-06 20:53:00;150
"PA-00378";"PE-00663";2020-05-06 20:54:00;840
"PE-00651";"PE-00688";2020-05-06 20:54:00;120
"PE-00663";"PE-00665";2020-05-06 20:54:00;150
"PE-00590";"PE-00689";2020-05-06 20:55:00;480
"PE-00662";"PE-00652";2020-05-06 20:55:00;330
"PE-00653";"PE-00661";2020-05-06 20:56:00;180
"PE-00665";"PE-00688";2020-05-06 20:57:30;240
"PE-00656";"PE-00674";2020-05-06 20:58:00;480
"PE-00654";"PE-00698";2020-05-06 20:59:30;2130
"PE-00665";"PE-00691";2020-05-06 20:59:30;600
"PE-00681";"PE-00655";2020-05-06 20:59:30;840
"PA-00368";"PE-00665";2020-05-06 21:00:00;1650
"PE-00655";"PE-00667";2020-05-06 21:00:00;390
"PE-00656";"PE-00652";2020-05-06 21:00:00;180
"PE-00651";"PE-00655";2020-05-06 21:01:00;90
"PE-00664";"PE-00659";2020-05-06 21:01:00;360
"PE-00651";"PE-00712";2020-05-06 21:01:30;120
"PE-00665";"PE-00667";2020-05-06 21:01:30;480
"PE-00667";"PE-00689";2020-05-06 21:02:30;1260
"PA-00374";"PE-00654";2020-05-06 21:03:00;1650
"PE-00664";"PE-00663";2020-05-06 21:03:00;720
"PE-00660";"PE-00658";2020-05-06 21:03:30;510
"PE-00665";"PE-00690";2020-05-06 21:03:30;510
"PE-00669";"PE-00660";2020-05-06 21:03:30;690
"PE-00656";"PE-00653";2020-05-06 21:04:00;30
"PE-00657";"PE-00660";2020-05-06 21:04:00;270
"PE-00667";"PE-00654";2020-05-06 21:04:00;60
"PE-00684";"PE-00654";2020-05-06 21:04:00;210
"PE-00660";"PE-00674";2020-05-06 21:04:30;990
"PE-00652";"PE-00653";2020-05-06 21:05:00;60
"PE-00667";"PE-00663";2020-05-06 21:05:30;90
"PA-00366";"PE-00656";2020-05-06 21:06:00;1830
"PE-00664";"PE-00657";2020-05-06 21:06:00;1860
"PE-00681";"PE-00655";2020-05-06 21:07:00;2100
"PA-00381";"PE-00659";2020-05-06 21:08:00;3630
"PE-00689";"PE-00663";2020-05-06 21:09:00;120
"PA-00376";"PE-00691";2020-05-06 21:09:30;810
"PE-00681";"PE-00657";2020-05-06 21:09:30;930
"PE-00663";"PE-00667";2020-05-06 21:10:00;420
"PE-00581";"PE-00661";2020-05-06 21:11:00;90
"PE-00651";"PE-00666";2020-05-06 21:11:00;60
"PE-00665";"PE-00652";2020-05-06 21:11:00;660
"PA-00379";"PE-00658";2020-05-06 21:11:30;720
"PE-00654";"PE-00652";2020-05-06 21:12:00;60
"PE-00665";"PE-00655";2020-05-06 21:12:30;270
"PA-00376";"PE-00653";2020-05-06 21:13:00;1050
"PE-00674";"PE-00660";2020-05-06 21:13:00;150
"PE-00674";"PE-00669";2020-05-06 21:13:00;1380
"PE-00581";"PE-00688";2020-05-06 21:15:00;60
"PE-00657";"PE-00668";2020-05-06 21:17:30;750
"PE-00666";"PE-00655";2020-05-06 21:17:30;300
"PE-00667";"PE-00656";2020-05-06 21:18:30;180
"PE-00691";"PE-00655";2020-05-06 21:19:00;210
"PE-00698";"PE-00653";2020-05-06 21:19:00;510
"PE-00581";"PE-00659";2020-05-06 21:19:30;30
"PE-00651";"PE-00684";2020-05-06 21:20:00;120
"PE-00674";"PE-00656";2020-05-06 21:20:00;60
"PE-00674";"PE-00666";2020-05-06 21:20:30;210
"PE-00688";"PE-00655";2020-05-06 21:20:30;630
"PE-00655";"PE-00659";2020-05-06 21:21:00;2190
"PA-00373";"PE-00660";2020-05-06 21:21:30;510
"PE-00691";"PE-00665";2020-05-06 21:22:00;120
"PE-00651";"PE-00590";2020-05-06 21:23:30;540
"PE-00674";"PE-00652";2020-05-06 21:23:30;300
"PA-00376";"PE-00661";2020-05-06 21:24:30;1140
"PE-00655";"PE-00666";2020-05-06 21:24:30;270
"PE-00660";"PE-00712";2020-05-06 21:24:30;1290
"PE-00667";"PE-00655";2020-05-06 21:25:00;90
"PE-00691";"PE-00674";2020-05-06 21:25:00;210
"PE-00712";"PE-00656";2020-05-06 21:25:00;330
"PE-00654";"PE-00668";2020-05-06 21:27:30;150
"PE-00590";"PE-00690";2020-05-06 21:28:00;60
"PE-00655";"PE-00665";2020-05-06 21:29:00;870
"PA-00373";"PE-00669";2020-05-06 21:29:30;210
"PE-00668";"PE-00684";2020-05-06 21:29:30;960
"PE-00660";"PE-00657";2020-05-06 21:31:00;330
"PA-00372";"PE-00698";2020-05-06 21:32:00;2280
"PE-00712";"PE-00654";2020-05-06 21:32:00;210
"PE-00669";"PE-00661";2020-05-06 21:33:00;90
"PE-00690";"PE-00681";2020-05-06 21:33:00;480
"PE-00651";"PE-00661";2020-05-06 21:33:30;90
"PE-00667";"PE-00661";2020-05-06 21:34:00;180
"PE-00590";"PE-00684";2020-05-06 21:34:30;90
"PE-00660";"PE-00655";2020-05-06 21:34:30;210
"PE-00654";"PE-00656";2020-05-06 21:35:30;750
"PE-00581";"PE-00590";2020-05-06 21:38:30;630
"PE-00667";"PE-00660";2020-05-06 21:38:30;780
"PA-00366";"PE-00653";2020-05-06 21:39:00;150
"PA-00381";"PE-00667";2020-05-06 21:42:00;300
"PE-00651";"PE-00581";2020-05-06 21:42:30;450
"PE-00684";"PE-00653";2020-05-06 21:42:30;1800
"PE-00663";"PE-00665";2020-05-06 21:43:00;300
"PA-00369";"PE-00688";2020-05-06 21:44:00;270
"PE-00662";"PE-00666";2020-05-06 21:45:00;390
"PE-00688";"PE-00663";2020-05-06 21:46:00;330
"PE-00653";"PE-00652";2020-05-06 21:46:30;30
"PE-00658";"PE-00660";2020-05-06 21:46:30;360
"PE-00653";"PE-00654";2020-05-06 21:47:00;90
"PE-00590";"PE-00689";2020-05-06 21:48:30;150
"PA-00369";"PE-00665";2020-05-06 21:49:00;870
"PE-00688";"PE-00712";2020-05-06 21:49:00;330
"PE-00690";"PE-00688";2020-05-06 21:49:00;180
"PA-00372";"PE-00666";2020-05-06 21:49:30;3600
"PA-00376";"PE-00688";2020-05-06 21:50:00;600
"PE-00665";"PE-00659";2020-05-06 21:50:00;90
"PA-00371";"PE-00660";2020-05-06 21:51:00;660
"PE-00657";"PE-00666";2020-05-06 21:51:00;870
"PE-00689";"PE-00657";2020-05-06 21:52:00;330
"PE-00653";"PE-00656";2020-05-06 21:53:00;90
"PE-00659";"PE-00664";2020-05-06 21:53:00;150
"PA-00371";"PE-00681";2020-05-06 21:54:00;540
"PE-00657";"PE-00663";2020-05-06 21:54:00;30
"PE-00691";"PE-00652";2020-05-06 21:54:00;390
"PE-00681";"PE-00684";2020-05-06 21:54:30;660
"PA-00370";"PE-00652";2020-05-06 21:56:30;390
"PE-00655";"PE-00658";2020-05-06 21:56:30;660
"PE-00662";"PE-00667";2020-05-06 21:56:30;1350
"PA-00371";"PE-00712";2020-05-06 21:57:30;330
"PE-00655";"PE-00668";2020-05-06 21:58:00;930
"PE-00667";"PE-00653";2020-05-06 21:58:00;150
"PA-00368";"PE-00689";2020-05-06 21:58:30;360
"PE-00666";"PE-00654";2020-05-06 21:58:30;390
"PE-00712";"PE-00681";2020-05-06 22:00:00;30
"PE-00667";"PE-00663";2020-05-06 22:00:30;750
"PE-00690";"PE-00656";2020-05-06 22:01:30;90
"PA-00373";"PE-00660";2020-05-06 22:02:30;1290
"PE-00665";"PE-00659";2020-05-06 22:04:00;150
"PE-00667";"PE-00658";2020-05-06 22:04:00;900
"PE-00667";"PE-00657";2020-05-06 22:04:00;1950
"PE-00581";"PE-00659";2020-05-06 22:04:30;300
"PE-00590";"PE-00581";2020-05-06 22:04:30;1020
"PA-00381";"PE-00659";2020-05-06 22:04:30;270
"PA-00382";"PE-00688";2020-05-06 22:04:30;1470
"PE-00691";"PE-00652";2020-05-06 22:04:30;1140
"PE-00674";"PE-00652";2020-05-06 22:05:00;90
"PA-00378";"PE-00664";2020-05-06 22:06:00;1050
"PE-00657";"PE-00654";2020-05-06 22:07:00;180
"PE-00691";"PE-00655";2020-05-06 22:07:00;510
"PA-00368";"PE-00665";2020-05-06 22:07:30;900
"PE-00659";"PE-00688";2020-05-06 22:09:00;240
"PE-00660";"PE-00663";2020-05-06 22:09:00;90
"PA-00368";"PE-00681";2020-05-06 22:09:30;1590
"PE-00667";"PE-00668";2020-05-06 22:09:30;60
"PA-00382";"PE-00689";2020-05-06 22:11:00;90
"PA-00379";"PE-00658";2020-05-06 22:12:30;720
"PA-00382";"PE-00660";2020-05-06 22:12:30;2400
"PE-00653";"PE-00654";2020-05-06 22:12:30;210
"PA-00381";"PE-00667";2020-05-06 22:13:00;150
"PE-00657";"PE-00660";2020-05-06 22:13:30;1800
"PE-00657";"PE-00669";2020-05-06 22:16:00;210
"PE-00667";"PE-00690";2020-05-06 22:16:00;1080
"PE-00657";"PE-00666";2020-05-06 22:18:00;210
"PE-00581";"PE-00688";2020-05-06 22:19:30;270
"PA-00382";"PE-00655";2020-05-06 22:20:00;330
"PE-00667";"PE-00691";2020-05-06 22:20:30;510
"PE-00690";"PE-00691";2020-05-06 22:20:30;690
"PE-00689";"PE-00658";2020-05-06 22:21:00;510
"PA-00381";"PE-00669";2020-05-06 22:22:00;240
"PE-00659";"PE-00653";2020-05-06 22:22:00;1470
"PE-00590";"PE-00690";2020-05-06 22:22:30;3600
"PE-00684";"PE-00674";2020-05-06 22:22:30;270
"PE-00653";"PE-00666";2020-05-06 22:23:30;600
"PE-00663";"PE-00652";2020-05-06 22:23:30;150
"PE-00668";"PE-00712";2020-05-06 22:24:00;300
"PE-00581";"PE-00590";2020-05-06 22:26:30;1110
"PE-00688";"PE-00669";2020-05-06 22:27:00;90
"PE-00681";"PE-00654";2020-05-06 22:27:30;5040
"PA-00379";"PE-00659";2020-05-06 22:28:00;150
"PE-00655";"PE-00664";2020-05-06 22:28:00;210
"PA-00373";"PE-00659";2020-05-06 22:29:30;690
"PA-00378";"PE-00663";2020-05-06 22:30:30;1680
"PE-00667";"PE-00659";2020-05-06 22:31:30;960
"PE-00665";"PE-00655";2020-05-06 22:32:00;1650
"PE-00712";"PE-00654";2020-05-06 22:32:00;60
"PE-00654";"PE-00652";2020-05-06 22:33:30;330
"PA-00378";"PE-00654";2020-05-06 22:34:00;120
"PA-00370";"PE-00652";2020-05-06 22:34:30;390
"PA-00382";"PE-00653";2020-05-06 22:34:30;630
"PE-00684";"PE-00654";2020-05-06 22:35:00;300
"PE-00684";"PE-00653";2020-05-06 22:35:30;330
"PE-00684";"PE-00667";2020-05-06 22:36:30;1650
"PA-00368";"PE-00689";2020-05-06 22:38:00;240
"PE-00663";"PE-00659";2020-05-06 22:38:30;3180
"PE-00712";"PE-00669";2020-05-06 22:39:00;420
"PE-00712";"PE-00666";2020-05-06 22:39:30;240
"PE-00667";"PE-00655";2020-05-06 22:40:00;150
"PA-00376";"PE-00691";2020-05-06 22:40:30;240
"PE-00674";"PE-00653";2020-05-06 22:40:30;510
"PA-00371";"PE-00688";2020-05-06 22:41:30;360
"PE-00698";"PE-00656";2020-05-06 22:41:30;540
"PE-00581";"PE-00691";2020-05-06 22:42:00;2040
"PE-00691";"PE-00681";2020-05-06 22:42:30;450
"PE-00654";"PE-00653";2020-05-06 22:43:00;210
"PE-00658";"PE-00681";2020-05-06 22:43:00;210
"PA-00371";"PE-00660";2020-05-06 22:44:30;180
"PE-00658";"PE-00655";2020-05-06 22:44:30;420
"PE-00581";"PE-00661";2020-05-06 22:46:00;570
"PA-00370";"PE-00659";2020-05-06 22:46:30;1410
"PA-00371";"PE-00712";2020-05-06 22:48:00;330
"PE-00665";"PE-00652";2020-05-06 22:49:00;300
"PE-00659";"PE-00698";2020-05-06 22:49:30;1830
"PE-00660";"PE-00658";2020-05-06 22:49:30;690
"PE-00691";"PE-00712";2020-05-06 22:50:00;1080
"PE-00661";"PE-00653";2020-05-06 22:51:00;270
"PE-00666";"PE-00690";2020-05-06 22:51:00;720
"PA-00378";"PE-00652";2020-05-06 22:51:30;750
"PE-00712";"PE-00690";2020-05-06 22:51:30;660
"PE-00659";"PE-00658";2020-05-06 22:52:00;30
"PE-00664";"PE-00690";2020-05-06 22:52:30;810
"PE-00667";"PE-00653";2020-05-06 22:52:30;720
"PE-00654";"PE-00664";2020-05-06 22:53:00;450
"PE-00666";"PE-00668";2020-05-06 22:53:00;1620
"PE-00712";"PE-00656";2020-05-06 22:53:00;180
"PE-00590";"PA-00379";2020-05-06 22:55:30;2070
"PE-00659";"PE-00655";2020-05-06 22:56:00;1680
"PE-00666";"PE-00681";2020-05-06 22:57:30;90
"PA-00378";"PE-00659";2020-05-06 22:58:00;330
"PE-00653";"PE-00652";2020-05-06 22:58:00;270
"PA-00378";"PE-00658";2020-05-06 22:59:00;330
"PE-00581";"PE-00658";2020-05-06 22:59:30;450
"PA-00377";"PE-00698";2020-05-06 23:01:00;420
"PE-00655";"PE-00665";2020-05-06 23:02:00;150
"PE-00698";"PE-00653";2020-05-06 23:04:00;60
"PE-00689";"PE-00668";2020-05-06 23:04:30;150
"PE-00664";"PE-00655";2020-05-06 23:05:00;510
"PE-00689";"PE-00652";2020-05-06 23:05:00;390
"PE-00653";"PE-00652";2020-05-06 23:05:30;240
"PE-00651";"PE-00674";2020-05-06 23:06:30;450
"PE-00656";"PE-00652";2020-05-06 23:06:30;630
"PE-00662";"PE-00654";2020-05-06 23:07:00;420
"PE-00653";"PE-00660";2020-05-06 23:08:00;180
"PE-00665";"PE-00655";2020-05-06 23:08:00;4380
"PE-00712";"PE-00689";2020-05-06 23:08:00;120
"PA-00377";"PE-00653";2020-05-06 23:09:30;510
"PE-00654";"PE-00653";2020-05-06 23:09:30;300
"PE-00656";"PE-00690";2020-05-06 23:10:00;1380
"PE-00660";"PE-00655";2020-05-06 23:11:00;810
"PE-00684";"PE-00689";2020-05-06 23:11:30;510
"PE-00590";"PE-00690";2020-05-06 23:13:30;630
"PE-00656";"PE-00653";2020-05-06 23:14:30;630
"PE-00654";"PE-00652";2020-05-06 23:15:00;300
"PE-00691";"PE-00652";2020-05-06 23:15:30;210
"PE-00655";"PE-00659";2020-05-06 23:17:00;180
"PE-00651";"PE-00664";2020-05-06 23:17:30;600
"PE-00657";"PE-00659";2020-05-06 23:19:30;300
"PE-00581";"PE-00658";2020-05-06 23:20:00;180
"PA-00376";"PE-00653";2020-05-06 23:22:00;90
"PE-00581";"PE-00688";2020-05-06 23:23:00;300
"PE-00657";"PE-00654";2020-05-06 23:23:00;840
"PE-00664";"PE-00657";2020-05-06 23:23:00;150
"PE-00581";"PE-00691";2020-05-06 23:23:30;330
"PE-00654";"PE-00665";2020-05-06 23:23:30;1020
"PE-00661";"PE-00653";2020-05-06 23:24:00;1260
"PE-00684";"PE-00698";2020-05-06 23:24:30;60
"PE-00651";"PE-00655";2020-05-06 23:25:00;420
"PE-00664";"PE-00659";2020-05-06 23:26:00;300
"PE-00688";"PE-00655";2020-05-06 23:26:00;2190
"PE-00674";"PE-00712";2020-05-06 23:29:00;180
"PE-00581";"PE-00665";2020-05-06 23:29:30;210
"PE-00656";"PE-00654";2020-05-06 23:32:00;150
"PE-00674";"PE-00690";2020-05-06 23:32:30;210
"PE-00674";"PE-00652";2020-05-06 23:33:00;810
"PE-00660";"PE-00662";2020-05-06 23:33:30;330
"PA-00374";"PE-00653";2020-05-06 23:34:00;1080
"PE-00652";"PE-00689";2020-05-06 23:34:30;180
"PE-00581";"PE-00661";2020-05-06 23:35:00;360
"PE-00688";"PE-00658";2020-05-06 23:35:00;330
"PE-00689";"PE-00658";2020-05-06 23:35:30;630
"PE-00656";"PE-00657";2020-05-06 23:36:00;210
"PE-00651";"PE-00667";2020-05-06 23:38:00;450
"PE-00652";"PE-00654";2020-05-06 23:38:00;240
"PE-00664";"PE-00654";2020-05-06 23:38:00;990
"PE-00656";"PE-00667";2020-05-06 23:39:00;990
"PE-00581";"PE-00659";2020-05-06 23:39:30;240
"PE-00667";"PE-00655";2020-05-06 23:41:00;210
"PE-00712";"PE-00654";2020-05-06 23:41:30;330
"PE-00662";"PE-00652";2020-05-06 23:42:00;480
"PA-00378";"PE-00652";2020-05-06 23:44:00;120
"PE-00674";"PE-00660";2020-05-06 23:45:00;780
"PE-00666";"PE-00655";2020-05-06 23:45:30;2790
"PE-00581";"PE-00684";2020-05-06 23:46:30;240
"PA-00377";"PE-00689";2020-05-06 23:47:30;450
"PE-00590";"PE-00661";2020-05-06 23:50:30;450
"PE-00652";"PE-00653";2020-05-06 23:50:30;150
"PE-00581";"PE-00657";2020-05-06 23:52:00;1260
"PE-00655";"PE-00658";2020-05-06 23:52:00;420
"PE-00668";"PE-00698";2020-05-06 23:52:00;510
"PE-00656";"PE-00674";2020-05-06 23:54:30;360
"PE-00657";"PE-00653";2020-05-06 23:54:30;270
"PE-00663";"PE-00698";2020-05-06 23:54:30;900
"PE-00712";"PE-00656";2020-05-06 23:54:30;480
"PE-00690";"PE-00661";2020-05-06 23:56:30;450
"PE-00651";"PE-00712";2020-05-06 23:57:00;270
"PE-00698";"PE-00654";2020-05-06 23:57:00;540
"PA-00377";"PE-00667";2020-05-07 00:03:30;390
"PE-00666";"PE-00655";2020-05-07 00:04:30;90
"PA-00378";"PE-00654";2020-05-07 00:08:00;870
"PE-00662";"PE-00684";2020-05-07 00:08:30;360
"PE-00655";"PE-00689";2020-05-07 00:11:00;180
"PE-00651";"PA-00378";2020-05-07 00:11:00;120
"PE-00659";"PE-00655";2020-05-07 00:11:00;660
"PE-00581";"PE-00659";2020-05-07 00:12:30;420
"PE-00654";"PE-00660";2020-05-07 00:12:30;1740
"PE-00658";"PE-00655";2020-05-07 00:13:00;480
"PE-00698";"PE-00689";2020-05-07 00:15:30;870
"PE-00690";"PE-00654";2020-05-07 00:16:00;330
"PE-00654";"PE-00653";2020-05-07 00:16:30;1440
"PE-00655";"PE-00658";2020-05-07 00:17:30;510
"PA-00381";"PE-00688";2020-05-07 00:20:30;180
"PE-00657";"PE-00698";2020-05-07 00:21:30;960
"PE-00665";"PE-00655";2020-05-07 00:21:30;480
"PE-00655";"PE-00665";2020-05-07 00:22:00;630
"PE-00681";"PE-00674";2020-05-07 00:22:00;870
"PA-00368";"PE-00665";2020-05-07 00:22:30;450
"PE-00655";"PE-00690";2020-05-07 00:22:30;210
"PE-00656";"PE-00654";2020-05-07 00:23:00;1110
"PE-00688";"PE-00652";2020-05-07 00:24:30;810
"PA-00376";"PE-00691";2020-05-07 00:26:00;120
"PA-00376";"PE-00681";2020-05-07 00:26:30;270
"PA-00366";"PE-00653";2020-05-07 00:27:00;30
"PE-00681";"PE-00655";2020-05-07 00:28:30;960
"PE-00664";"PE-00660";2020-05-07 00:29:30;930
"PE-00666";"PE-00657";2020-05-07 00:30:00;2580
"PE-00659";"PE-00664";2020-05-07 00:30:30;150
"PA-00382";"PE-00660";2020-05-07 00:31:00;60
"PA-00382";"PE-00653";2020-05-07 00:34:00;390
"PE-00653";"PE-00652";2020-05-07 00:35:00;720
"PE-00581";"PE-00657";2020-05-07 00:35:30;150
"PE-00698";"PE-00653";2020-05-07 00:38:30;540
"PE-00654";"PE-00652";2020-05-07 00:39:00;1530
"PE-00666";"PE-00654";2020-05-07 00:40:00;450
"PE-00660";"PE-00684";2020-05-07 00:41:00;210
"PA-00382";"PE-00655";2020-05-07 00:43:00;420
"PE-00656";"PE-00653";2020-05-07 00:46:00;210
"PE-00654";"PE-00688";2020-05-07 00:47:00;1110
"PE-00690";"PE-00653";2020-05-07 00:47:30;1230
"PE-00659";"PE-00665";2020-05-07 00:48:30;750
"PE-00668";"PE-00660";2020-05-07 00:49:00;840
"PE-00590";"PA-00371";2020-05-07 00:50:30;90
"PE-00688";"PE-00655";2020-05-07 00:54:30;930
"PA-00378";"PE-00652";2020-05-07 00:55:00;150
"PE-00660";"PE-00691";2020-05-07 00:56:00;1020
"PE-00684";"PE-00653";2020-05-07 00:56:00;810
"PE-00656";"PE-00652";2020-05-07 00:57:30;1020
"PE-00691";"PE-00656";2020-05-07 00:59:00;840
"PE-00660";"PE-00658";2020-05-07 01:02:00;1230
"PE-00656";"PE-00653";2020-05-07 01:02:30;4860
"PE-00664";"PE-00698";2020-05-07 01:02:30;210
"PE-00581";"PE-00657";2020-05-07 01:04:00;480
"PE-00667";"PE-00664";2020-05-07 01:04:00;570
"PE-00689";"PE-00681";2020-05-07 01:04:00;300
"PE-00654";"PE-00653";2020-05-07 01:05:30;270
"PE-00654";"PE-00652";2020-05-07 01:05:30;540
"PE-00665";"PE-00655";2020-05-07 01:05:30;690
"PA-00372";"PE-00663";2020-05-07 01:06:00;510
"PE-00689";"PE-00658";2020-05-07 01:06:30;300
"PE-00681";"PE-00653";2020-05-07 01:07:30;630
"PE-00651";"PE-00661";2020-05-07 01:08:00;150
"PA-00369";"PE-00664";2020-05-07 01:09:30;300
"PE-00658";"PE-00655";2020-05-07 01:11:00;210
"PE-00664";"PE-00674";2020-05-07 01:13:00;1650
"PE-00653";"PE-00652";2020-05-07 01:13:30;360
"PE-00690";"PE-00655";2020-05-07 01:13:30;750
"PE-00661";"PE-00658";2020-05-07 01:14:30;900
"PE-00661";"PE-00652";2020-05-07 01:15:00;840
"PE-00688";"PE-00656";2020-05-07 01:15:00;810
"PA-00373";"PE-00659";2020-05-07 01:16:00;540
"PE-00652";"PE-00657";2020-05-07 01:17:00;810
"PE-00712";"PE-00654";2020-05-07 01:17:00;420
"PE-00581";"PE-00660";2020-05-07 01:17:30;120
"PE-00655";"PE-00665";2020-05-07 01:17:30;690
"PE-00652";"PE-00653";2020-05-07 01:18:00;660
"PA-00378";"PE-00652";2020-05-07 01:19:00;120
"PA-00365";"PE-00657";2020-05-07 01:19:30;300
"PE-00651";"PE-00655";2020-05-07 01:19:30;240
"PE-00664";"PE-00684";2020-05-07 01:20:00;60
"PE-00653";"PE-00665";2020-05-07 01:20:30;570
"PA-00366";"PE-00653";2020-05-07 01:21:30;480
"PE-00654";"PE-00658";2020-05-07 01:22:00;600
"PE-00668";"PE-00674";2020-05-07 01:23:30;630
"PA-00369";"PE-00665";2020-05-07 01:24:30;600
"PA-00372";"PE-00689";2020-05-07 01:25:00;1800
"PE-00712";"PE-00662";2020-05-07 01:25:00;750
"PE-00660";"PE-00659";2020-05-07 01:25:30;210
"PA-00374";"PE-00654";2020-05-07 01:26:30;540
"PA-00372";"PE-00698";2020-05-07 01:27:30;690
"PE-00651";"PE-00653";2020-05-07 01:27:30;120
"PE-00662";"PE-00698";2020-05-07 01:27:30;600
"PE-00668";"PE-00655";2020-05-07 01:27:30;60
"PE-00698";"PE-00681";2020-05-07 01:28:00;240
"PE-00656";"PE-00658";2020-05-07 01:28:30;300
"PE-00658";"PE-00660";2020-05-07 01:29:30;210
"PA-00366";"PE-00668";2020-05-07 01:30:00;1140
"PE-00690";"PE-00660";2020-05-07 01:30:00;720
"PE-00662";"PE-00654";2020-05-07 01:31:00;360
"PE-00668";"PE-00681";2020-05-07 01:32:30;570
"PE-00698";"PE-00654";2020-05-07 01:33:30;930
"PE-00661";"PE-00653";2020-05-07 01:34:00;60
"PE-00674";"PE-00657";2020-05-07 01:34:30;210
"PE-00581";"PE-00659";2020-05-07 01:39:00;330
"PA-00374";"PE-00652";2020-05-07 01:39:00;630
"PE-00667";"PE-00655";2020-05-07 01:39:00;330
"PA-00370";"PE-00681";2020-05-07 01:40:00;150
"PE-00667";"PE-00688";2020-05-07 01:40:00;3840
"PE-00664";"PE-00659";2020-05-07 01:40:30;570
"PA-00368";"PE-00712";2020-05-07 01:41:00;960
"PE-00662";"PE-00652";2020-05-07 01:42:00;1380
"PE-00688";"PE-00655";2020-05-07 01:42:00;750
"PE-00681";"PE-00655";2020-05-07 01:42:30;1560
"PA-00372";"PE-00656";2020-05-07 01:44:00;270
"PE-00655";"PE-00658";2020-05-07 01:44:30;180
"PE-00653";"PE-00654";2020-05-07 01:45:00;180
"PE-00659";"PE-00655";2020-05-07 01:45:30;120
"PA-00366";"PE-00652";2020-05-07 01:46:00;1140
"PE-00663";"PE-00667";2020-05-07 01:48:00;1980
"PA-00370";"PE-00663";2020-05-07 01:48:30;1050
"PA-00368";"PE-00662";2020-05-07 01:49:30;1470
"PE-00653";"PE-00656";2020-05-07 01:49:30;360
"PE-00688";"PE-00660";2020-05-07 01:49:30;180
"PE-00661";"PE-00662";2020-05-07 01:52:00;1320
"PE-00651";"PE-00712";2020-05-07 01:53:30;210
"PE-00664";"PE-00655";2020-05-07 01:53:30;420
"PE-00712";"PE-00661";2020-05-07 01:53:30;210
"PE-00681";"PE-00688";2020-05-07 01:54:00;840
"PA-00371";"PE-00660";2020-05-07 01:54:30;630
"PE-00698";"PE-00653";2020-05-07 01:54:30;6870
"PE-00698";"PE-00656";2020-05-07 01:55:30;330
"PE-00660";"PE-00661";2020-05-07 01:56:30;330
"PE-00652";"PE-00690";2020-05-07 01:58:00;630
"PE-00668";"PE-00664";2020-05-07 01:58:30;210
"PE-00651";"PE-00663";2020-05-07 01:59:30;180
"PE-00668";"PE-00690";2020-05-07 02:00:30;180
"PE-00658";"PE-00655";2020-05-07 02:01:00;330
"PE-00689";"PE-00652";2020-05-07 02:01:00;540
"PE-00652";"PE-00655";2020-05-07 02:01:30;270
"PE-00657";"PE-00652";2020-05-07 02:01:30;210
"PE-00656";"PE-00652";2020-05-07 02:02:30;150
"PE-00660";"PE-00665";2020-05-07 02:02:30;1140
"PE-00656";"PE-00674";2020-05-07 02:03:00;720
"PA-00374";"PE-00712";2020-05-07 02:04:00;1080
"PE-00684";"PE-00659";2020-05-07 02:04:00;120
"PA-00370";"PE-00663";2020-05-07 02:05:00;720
"PE-00659";"PE-00684";2020-05-07 02:06:00;600
"PE-00651";"PE-00691";2020-05-07 02:06:30;90
"PE-00661";"PE-00681";2020-05-07 02:06:30;420
"PE-00698";"PE-00690";2020-05-07 02:06:30;2520
"PA-00370";"PE-00652";2020-05-07 02:07:30;1080
"PE-00688";"PE-00662";2020-05-07 02:07:30;120
"PE-00674";"PE-00656";2020-05-07 02:08:00;480
"PE-00660";"PE-00681";2020-05-07 02:09:00;180
"PE-00657";"PE-00661";2020-05-07 02:10:00;60
"PE-00660";"PE-00652";2020-05-07 02:10:00;570
"PE-00684";"PE-00654";2020-05-07 02:10:00;720
"PA-00382";"PE-00660";2020-05-07 02:10:30;510
"PE-00655";"PE-00659";2020-05-07 02:10:30;540
"PE-00659";"PE-00655";2020-05-07 02:11:00;150
"PE-00691";"PE-00652";2020-05-07 02:11:00;510
"PE-00590";"PE-00581";2020-05-07 02:13:00;120
"PE-00666";"PE-00661";2020-05-07 02:13:30;780
"PE-00666";"PE-00658";2020-05-07 02:13:30;150
"PE-00688";"PE-00654";2020-05-07 02:13:30;420
"PE-00655";"PE-00658";2020-05-07 02:15:00;240
"PE-00690";"PE-00652";2020-05-07 02:17:00;330
"PE-00667";"PE-00653";2020-05-07 02:17:30;450
"PE-00684";"PE-00653";2020-05-07 02:17:30;420
"PA-00373";"PE-00659";2020-05-07 02:18:00;390
"PA-00376";"PE-00691";2020-05-07 02:18:00;480
"PA-00381";"PE-00661";2020-05-07 02:18:00;510
"PE-00667";"PE-00663";2020-05-07 02:18:00;1050
"PE-00681";"PE-00664";2020-05-07 02:20:00;300
"PE-00689";"PE-00662";2020-05-07 02:20:00;690
"PA-00366";"PE-00661";2020-05-07 02:21:00;360
"PE-00663";"PE-00662";2020-05-07 02:22:00;240
"PA-00366";"PE-00652";2020-05-07 02:22:30;540
"PA-00381";"PE-00659";2020-05-07 02:23:00;240
"PE-00660";"PE-00689";2020-05-07 02:24:30;300
"PA-00373";"PE-00655";2020-05-07 02:26:00;870
"PE-00655";"PE-00663";2020-05-07 02:26:00;960
"PE-00656";"PE-00653";2020-05-07 02:26:00;1320
"PE-00688";"PE-00652";2020-05-07 02:26:30;150
"PE-00684";"PE-00661";2020-05-07 02:28:00;510
"PE-00663";"PE-00667";2020-05-07 02:28:30;90
"PE-00654";"PE-00674";2020-05-07 02:29:00;660
"PE-00656";"PE-00660";2020-05-07 02:29:00;900
"PE-00661";"PE-00689";2020-05-07 02:31:00;180
"PA-00366";"PE-00681";2020-05-07 02:31:30;1170
"PE-00662";"PE-00652";2020-05-07 02:31:30;630
"PE-00690";"PE-00657";2020-05-07 02:32:00;570
"PE-00667";"PE-00655";2020-05-07 02:33:00;810
"PE-00657";"PE-00658";2020-05-07 02:33:30;510
"PE-00689";"PE-00658";2020-05-07 02:33:30;1050
"PE-00581";"PA-00374";2020-05-07 02:34:30;2070
"PA-00378";"PE-00662";2020-05-07 02:34:30;450
"PE-00691";"PE-00659";2020-05-07 02:34:30;210
"PE-00681";"PE-00655";2020-05-07 02:35:00;870
"PE-00581";"PE-00657";2020-05-07 02:36:00;1020
"PE-00684";"PE-00690";2020-05-07 02:36:30;2550
"PE-00652";"PE-00656";2020-05-07 02:37:30;750
"PE-00667";"PE-00652";2020-05-07 02:38:30;270
"PE-00654";"PE-00691";2020-05-07 02:40:00;360
"PA-00366";"PE-00656";2020-05-07 02:40:30;870
"PA-00374";"PE-00690";2020-05-07 02:40:30;690
"PE-00581";"PA-00382";2020-05-07 02:41:00;2070
"PE-00652";"PE-00654";2020-05-07 02:41:00;300
"PA-00382";"PE-00668";2020-05-07 02:42:00;330
"PE-00653";"PE-00654";2020-05-07 02:42:30;240
"PA-00373";"PE-00688";2020-05-07 02:45:00;360
"PA-00376";"PE-00653";2020-05-07 02:45:30;1380
"PE-00688";"PE-00655";2020-05-07 02:47:00;150
"PA-00371";"PE-00660";2020-05-07 02:48:00;630
"PA-00370";"PE-00659";2020-05-07 02:49:30;630
"PE-00681";"PE-00662";2020-05-07 02:49:30;810
"PE-00656";"PE-00655";2020-05-07 02:50:00;120
"PA-00379";"PE-00655";2020-05-07 02:50:30;750
"PE-00657";"PE-00654";2020-05-07 02:50:30;1140
"PE-00698";"PE-00654";2020-05-07 02:51:30;180
"PE-00665";"PE-00656";2020-05-07 02:52:30;420
"PE-00665";"PE-00655";2020-05-07 02:52:30;180
"PE-00660";"PE-00658";2020-05-07 02:53:30;330
"PE-00712";"PE-00654";2020-05-07 02:54:30;300
"PA-00374";"PE-00654";2020-05-07 02:55:00;600
"PE-00658";"PE-00690";2020-05-07 02:55:00;1950
"PE-00690";"PE-00655";2020-05-07 02:55:30;570
"PE-00681";"PE-00652";2020-05-07 02:56:00;120
"PA-00374";"PE-00691";2020-05-07 02:56:30;1050
"PE-00652";"PE-00653";2020-05-07 02:56:30;210
"PE-00668";"PE-00655";2020-05-07 02:56:30;300
"PE-00660";"PE-00655";2020-05-07 02:57:00;720
"PA-00366";"PE-00653";2020-05-07 02:57:30;750
"PA-00382";"PE-00655";2020-05-07 02:58:00;1920
"PE-00667";"PE-00674";2020-05-07 02:58:00;930
"PE-00663";"PE-00665";2020-05-07 02:58:30;150
"PE-00656";"PE-00712";2020-05-07 02:59:30;210
"PE-00655";"PE-00665";2020-05-07 03:00:00;1050
"PE-00712";"PE-00653";2020-05-07 03:00:30;60
"PE-00660";"PE-00655";2020-05-07 03:01:00;300
"PE-00662";"PE-00690";2020-05-07 03:02:00;90
"PE-00684";"PE-00712";2020-05-07 03:02:00;270
"PE-00688";"PE-00655";2020-05-07 03:03:00;930
"PE-00712";"PE-00654";2020-05-07 03:03:30;480
"PA-00382";"PE-00653";2020-05-07 03:04:00;510
"PE-00653";"PE-00658";2020-05-07 03:04:00;90
"PE-00659";"PE-00655";2020-05-07 03:04:00;180
"PE-00667";"PE-00655";2020-05-07 03:04:30;540
"PE-00655";"PE-00658";2020-05-07 03:06:00;150
"PE-00698";"PE-00653";2020-05-07 03:06:30;120
"PA-00378";"PE-00652";2020-05-07 03:07:30;900
"PA-00371";"PE-00660";2020-05-07 03:08:00;540
"PE-00654";"PE-00652";2020-05-07 03:08:00;990
"PE-00658";"PE-00655";2020-05-07 03:08:30;420
"PE-00688";"PE-00689";2020-05-07 03:08:30;270
"PE-00666";"PE-00665";2020-05-07 03:09:00;1530
"PE-00665";"PE-00652";2020-05-07 03:10:30;360
"PE-00681";"PE-00663";2020-05-07 03:10:30;270
"PE-00653";"PE-00652";2020-05-07 03:11:30;540
"PA-00382";"PE-00655";2020-05-07 03:12:30;1170
"PE-00656";"PE-00681";2020-05-07 03:14:00;3180
"PE-00681";"PE-00653";2020-05-07 03:14:30;270
"PE-00712";"PE-00698";2020-05-07 03:15:30;180
"PE-00656";"PE-00662";2020-05-07 03:16:00;240
"PE-00656";"PE-00652";2020-05-07 03:17:00;510
"PE-00654";"PE-00662";2020-05-07 03:17:30;300
"PE-00660";"PE-00658";2020-05-07 03:18:00;540
"PE-00666";"PE-00669";2020-05-07 03:20:00;300
"PE-00691";"PE-00684";2020-05-07 03:23:30;840
"PA-00365";"PE-00652";2020-05-07 03:24:30;810
"PA-00372";"PE-00684";2020-05-07 03:24:30;240
"PE-00669";"PE-00664";2020-05-07 03:25:00;300
"PA-00365";"PE-00657";2020-05-07 03:25:30;690
"PE-00652";"PE-00653";2020-05-07 03:25:30;540
"PE-00659";"PE-00665";2020-05-07 03:26:00;330
"PE-00664";"PE-00662";2020-05-07 03:26:00;210
"PE-00659";"PE-00664";2020-05-07 03:27:00;660
"PE-00654";"PE-00689";2020-05-07 03:27:30;420
"PE-00663";"PE-00658";2020-05-07 03:27:30;300
"PE-00666";"PE-00655";2020-05-07 03:27:30;390
"PA-00369";"PE-00664";2020-05-07 03:28:00;210
"PE-00660";"PE-00657";2020-05-07 03:29:30;180
"PA-00372";"PE-00656";2020-05-07 03:30:00;360
"PE-00652";"PE-00666";2020-05-07 03:34:00;240
"PE-00665";"PE-00655";2020-05-07 03:35:30;240
"PE-00666";"PE-00663";2020-05-07 03:35:30;390
"PE-00657";"PE-00684";2020-05-07 03:36:30;1200
"PE-00662";"PE-00655";2020-05-07 03:37:00;330
"PE-00653";"PE-00656";2020-05-07 03:38:30;270
"PE-00654";"PE-00659";2020-05-07 03:38:30;690
"PE-00655";"PE-00659";2020-05-07 03:40:30;300
"PE-00652";"PE-00655";2020-05-07 03:43:00;330
"PE-00674";"PE-00652";2020-05-07 03:44:00;150
"PA-00379";"PE-00652";2020-05-07 03:44:30;480
"PE-00698";"PE-00654";2020-05-07 03:44:30;180
"PE-00653";"PE-00657";2020-05-07 03:45:00;120
"PA-00371";"PE-00668";2020-05-07 03:47:30;120
"PE-00655";"PE-00660";2020-05-07 03:47:30;540
"PE-00668";"PE-00655";2020-05-07 03:48:00;600
"PA-00366";"PE-00663";2020-05-07 03:48:30;810
"PE-00691";"PE-00657";2020-05-07 03:49:00;210
"PA-00365";"PE-00663";2020-05-07 03:50:30;930
"PA-00372";"PE-00658";2020-05-07 03:50:30;510
"PE-00669";"PE-00654";2020-05-07 03:51:30;240
"PA-00370";"PE-00652";2020-05-07 03:52:30;660
"PE-00664";"PE-00658";2020-05-07 03:52:30;2130
"PE-00689";"PE-00658";2020-05-07 03:52:30;1170
"PA-00381";"PE-00659";2020-05-07 03:53:00;2280
"PE-00690";"PE-00652";2020-05-07 03:53:00;690
"PE-00690";"PE-00655";2020-05-07 03:53:30;390
"PE-00669";"PE-00656";2020-05-07 03:54:00;270
"PE-00666";"PE-00659";2020-05-07 03:54:30;480
"PE-00691";"PE-00655";2020-05-07 03:54:30;1740
"PE-00657";"PE-00665";2020-05-07 03:55:00;540
"PE-00654";"PE-00655";2020-05-07 03:55:30;1020
"PE-00661";"PE-00653";2020-05-07 03:55:30;120
"PE-00663";"PE-00667";2020-05-07 03:55:30;180
"PE-00669";"PE-00690";2020-05-07 03:56:00;300
"PA-00373";"PE-00659";2020-05-07 03:57:30;480
"PA-00381";"PE-00712";2020-05-07 03:58:00;540
"PA-00376";"PE-00691";2020-05-07 03:58:30;1200
"PA-00382";"PE-00666";2020-05-07 03:59:00;330
"PE-00653";"PE-00654";2020-05-07 03:59:00;390
"PE-00681";"PE-00655";2020-05-07 03:59:00;150
"PE-00688";"PE-00655";2020-05-07 04:01:00;690
"PA-00365";"PE-00652";2020-05-07 04:01:30;1140
"PE-00655";"PE-00665";2020-05-07 04:02:30;210
"PA-00379";"PE-00658";2020-05-07 04:03:30;390
"PE-00660";"PE-00658";2020-05-07 04:03:30;480
"PE-00689";"PE-00665";2020-05-07 04:03:30;240
"PA-00379";"PE-00655";2020-05-07 04:04:00;120
"PE-00660";"PE-00655";2020-05-07 04:05:00;630
"PE-00690";"PE-00655";2020-05-07 04:05:00;510
"PE-00655";"PE-00653";2020-05-07 04:06:00;240
"PE-00691";"PE-00669";2020-05-07 04:07:00;300
"PE-00658";"PE-00691";2020-05-07 04:08:30;180
"PE-00669";"PE-00667";2020-05-07 04:08:30;570
"PE-00689";"PE-00674";2020-05-07 04:08:30;180
"PE-00653";"PE-00669";2020-05-07 04:12:00;60
"PE-00691";"PE-00665";2020-05-07 04:12:00;60
"PA-00365";"PE-00657";2020-05-07 04:12:30;1770
"PE-00691";"PE-00655";2020-05-07 04:13:00;210
"PE-00666";"PE-00664";2020-05-07 04:13:30;180
"PE-00668";"PE-00655";2020-05-07 04:14:30;360
"PE-00698";"PE-00653";2020-05-07 04:14:30;480
"PE-00663";"PE-00669";2020-05-07 04:16:30;810
"PE-00666";"PE-00691";2020-05-07 04:18:30;180
"PE-00669";"PE-00660";2020-05-07 04:19:00;480
"PE-00663";"PE-00667";2020-05-07 04:22:30;1170
"PA-00378";"PE-00688";2020-05-07 04:23:00;780
"PE-00654";"PE-00652";2020-05-07 04:23:00;270
"PE-00655";"PE-00659";2020-05-07 04:23:30;300
"PE-00681";"PE-00655";2020-05-07 04:23:30;360
"PE-00712";"PE-00653";2020-05-07 04:24:00;180
"PE-00652";"PE-00664";2020-05-07 04:24:30;150
"PA-00371";"PE-00652";2020-05-07 04:25:30;930
"PE-00664";"PE-00659";2020-05-07 04:26:00;120
"PE-00689";"PE-00658";2020-05-07 04:26:00;540
"PE-00688";"PE-00652";2020-05-07 04:26:30;330
"PE-00653";"PE-00688";2020-05-07 04:27:00;270
"PE-00652";"PE-00684";2020-05-07 04:27:30;510
"PE-00684";"PE-00663";2020-05-07 04:27:30;330
"PE-00689";"PE-00655";2020-05-07 04:28:00;90
"PA-00372";"PE-00668";2020-05-07 04:28:30;150
"PE-00661";"PE-00669";2020-05-07 04:30:30;180
"PE-00712";"PE-00654";2020-05-07 04:30:30;600
"PE-00663";"PE-00661";2020-05-07 04:31:00;90
"PE-00689";"PE-00654";2020-05-07 04:31:00;480
"PE-00690";"PE-00652";2020-05-07 04:32:00;360
"PE-00663";"PE-00665";2020-05-07 04:33:00;210
"PE-00674";"PE-00653";2020-05-07 04:34:30;390
"PE-00668";"PE-00654";2020-05-07 04:37:00;240
"PE-00665";"PE-00668";2020-05-07 04:38:30;210
"PE-00684";"PE-00653";2020-05-07 04:39:00;120
"PE-00698";"PE-00656";2020-05-07 04:39:30;60
"PE-00665";"PE-00664";2020-05-07 04:40:00;180
"PE-00667";"PE-00712";2020-05-07 04:40:00;270
"PA-00377";"PE-00659";2020-05-07 04:54:00;30
"PE-00672";"PA-00370";2020-05-07 05:13:00;390
"PA-00378";"PE-00578";2020-05-07 05:12:00;450
"PA-00370";"PE-00588";2020-05-07 05:50:00;1080
"PE-00590";"PE-00651";2020-05-07 05:09:30;870
"PA-00372";"PE-00596";2020-05-07 05:10:00;3540
"PA-00373";"PE-00563";2020-05-07 05:50:00;3780
"PE-00700";"PE-00670";2020-05-07 05:14:00;390
"PA-00379";"PE-00569";2020-05-07 05:15:00;3030
"PE-00569";"PE-00576";2020-05-07 05:15:30;1950
"PA-00377";"PE-00574";2020-05-07 05:17:00;2460
"PE-00702";"PE-00671";2020-05-07 05:18:30;480
"PE-00671";"PA-00374";2020-05-07 05:19:00;1350
"PE-00697";"PA-00379";2020-05-07 05:19:00;390
"PE-00578";"PA-00378";2020-05-07 05:21:30;780
"PE-00576";"PA-00381";2020-05-07 05:22:30;630
"PE-00576";"PE-00582";2020-05-07 05:26:30;300
"PE-00671";"PA-00373";2020-05-07 05:28:30;2610
"PE-00670";"PE-00700";2020-05-07 05:31:00;780
"PE-00675";"PE-00673";2020-05-07 05:34:30;1200
"PE-00703";"PA-00378";2020-05-07 05:34:30;540
"PE-00702";"PA-00379";2020-05-07 05:39:30;3210
"PA-00370";"PE-00675";2020-05-07 05:40:00;1170
"PA-00372";"PE-00576";2020-05-07 05:40:00;1560
"PA-00374";"PE-00569";2020-05-07 05:45:30;2160
"PE-00705";"PE-00590";2020-05-07 05:45:30;720
"PE-00569";"PE-00582";2020-05-07 05:47:30;1410
"PA-00370";"PE-00582";2020-05-07 05:52:00;1080
"PE-00567";"PE-00569";2020-05-07 05:53:30;420
"PA-00377";"PE-00569";2020-05-07 05:53:30;3180
"PA-00366";"PE-00578";2020-05-07 05:55:00;1080
"PE-00675";"PE-00574";2020-05-07 05:55:30;660
"PE-00702";"PE-00574";2020-05-07 05:57:00;690
"PE-00703";"PA-00365";2020-05-07 05:58:30;1260
"PE-00582";"PA-00370";2020-05-07 06:00:00;240
"PA-00376";"PE-00574";2020-05-07 06:00:30;90
"PA-00365";"PE-00567";2020-05-07 06:04:30;1920
"PE-00591";"PA-00371";2020-05-07 06:05:00;810
"PE-00702";"PA-00379";2020-05-07 06:06:00;2040
"PE-00569";"PE-00563";2020-05-07 06:07:00;180
"PE-00703";"PE-00672";2020-05-07 06:08:30;510
"PE-00650";"PA-00381";2020-05-07 06:09:00;2610
"PE-00596";"PE-00564";2020-05-07 06:12:30;240
"PA-00377";"PE-00569";2020-05-07 06:12:30;180
"PE-00675";"PE-00569";2020-05-07 06:13:00;690
"PA-00366";"PE-00563";2020-05-07 06:15:30;1410
"PE-00576";"PE-00676";2020-05-07 06:16:00;300
"PE-00672";"PA-00365";2020-05-07 06:17:30;1020
"PE-00676";"PE-00576";2020-05-07 06:17:30;690
"PA-00370";"PE-00588";2020-05-07 06:18:00;510
"PE-00596";"PE-00567";2020-05-07 06:19:30;150
"PE-00596";"PE-00676";2020-05-07 06:20:30;300
"PA-00373";"PE-00588";2020-05-07 06:21:30;3570
"PE-00676";"PE-00697";2020-05-07 06:22:30;510
"PE-00588";"PE-00623";2020-05-07 06:23:30;90
"PE-00569";"PA-00368";2020-05-07 06:24:00;900
"PE-00588";"PE-00567";2020-05-07 06:26:00;450
"PE-00615";"PA-00369";2020-05-07 06:26:30;2700
"PE-00676";"PE-00564";2020-05-07 06:27:00;1590
"PE-00567";"PA-00374";2020-05-07 06:28:00;630
"PE-00605";"PA-00377";2020-05-07 06:29:00;660
"PE-00588";"PE-00563";2020-05-07 06:30:30;2430
"PE-00605";"PA-00370";2020-05-07 06:30:30;900
"PE-00673";"PE-00670";2020-05-07 06:30:30;420
"PA-00366";"PE-00567";2020-05-07 06:31:30;600
"PE-00702";"PA-00366";2020-05-07 06:32:00;510
"PE-00596";"PE-00591";2020-05-07 06:33:00;510
"PE-00588";"PA-00368";2020-05-07 06:34:00;780
"PA-00370";"PE-00567";2020-05-07 06:34:30;780
"PE-00596";"PA-00366";2020-05-07 06:34:30;720
"PE-00670";"PE-00582";2020-05-07 06:34:30;660
"PE-00671";"PE-00702";2020-05-07 06:34:30;270
"PE-00591";"PE-00563";2020-05-07 06:35:00;2130
"PE-00591";"PE-00588";2020-05-07 06:35:30;360
"PE-00588";"PE-00578";2020-05-07 06:36:30;1710
"PE-00574";"PA-00376";2020-05-07 06:39:00;720
"PE-00605";"PE-00627";2020-05-07 06:40:00;1890
"PE-00567";"PA-00365";2020-05-07 06:40:30;390
"PE-00576";"PE-00582";2020-05-07 06:40:30;1860
"PE-00578";"PE-00576";2020-05-07 06:40:30;600
"PE-00590";"PE-00563";2020-05-07 06:40:30;1290
"PE-00591";"PE-00569";2020-05-07 06:40:30;180
"PE-00590";"PE-00569";2020-05-07 06:41:00;270
"PE-00600";"PE-00574";2020-05-07 06:50:00;210
"PE-00671";"PA-00373";2020-05-07 06:43:00;2040
"PE-00675";"PE-00591";2020-05-07 06:43:00;4980
"PE-00587";"PE-00569";2020-05-07 06:58:00;510
"PE-00702";"PE-00578";2020-05-07 06:44:30;270
"PE-00563";"PE-00569";2020-05-07 06:46:00;180
"PE-00671";"PE-00567";2020-05-07 06:51:00;660
"PE-00588";"PE-00569";2020-05-07 06:52:00;1470
"PE-00703";"PE-00676";2020-05-07 06:52:00;420
"PA-00371";"PE-00670";2020-05-07 06:53:30;570
"PE-00591";"PE-00567";2020-05-07 06:53:30;1590
"PE-00627";"PE-00567";2020-05-07 06:54:00;1140
"PE-00605";"PE-00675";2020-05-07 06:55:00;330
"PE-00670";"PE-00700";2020-05-07 06:57:00;2070
"PE-00670";"PE-00578";2020-05-07 06:57:00;1500
"PE-00702";"PE-00605";2020-05-07 06:57:00;390
"PE-00596";"PE-00650";2020-05-07 06:58:00;30
"PE-00703";"PE-00702";2020-05-07 06:58:00;630
"PE-00590";"PE-00671";2020-05-07 06:58:30;210
"PE-00623";"PE-00588";2020-05-07 07:00:00;360
"PE-00673";"PE-00569";2020-05-07 07:00:00;1500
"PE-00576";"PE-00582";2020-05-07 07:00:30;510
"PE-00621";"PE-00589";2020-05-07 07:00:30;210
"PE-00676";"PE-00576";2020-05-07 07:00:30;180
"PE-00576";"PE-00627";2020-05-07 07:01:00;30
"PA-00379";"PE-00587";2020-05-07 07:01:00;1020
"PE-00700";"PE-00672";2020-05-07 07:01:00;420
"PA-00373";"PE-00588";2020-05-07 07:02:00;180
"PE-00670";"PE-00582";2020-05-07 07:02:00;270
"PE-00589";"PE-00580";2020-05-07 07:02:30;600
"PE-00588";"PE-00567";2020-05-07 07:03:00;270
"PE-00697";"PE-00605";2020-05-07 07:03:00;180
"PA-00373";"PE-00671";2020-05-07 07:03:30;1920
"PE-00563";"PE-00569";2020-05-07 07:04:00;150
"PE-00624";"PE-00580";2020-05-07 07:07:00;510
"PE-00671";"PE-00650";2020-05-07 07:05:30;30
"PE-00567";"PE-00605";2020-05-07 07:06:30;90
"PE-00591";"PE-00596";2020-05-07 07:06:30;1590
"PE-00592";"PE-00650";2020-05-07 07:06:30;90
"PE-00615";"PE-00592";2020-05-07 07:07:00;240
"PE-00621";"PE-00585";2020-05-07 07:07:00;270
"PE-00582";"PA-00378";2020-05-07 07:07:30;1620
"PE-00583";"PE-00574";2020-05-07 07:11:00;390
"PE-00622";"PE-00711";2020-05-07 07:09:00;150
"PE-00567";"PE-00588";2020-05-07 07:09:00;180
"PE-00700";"PE-00670";2020-05-07 07:09:00;630
"PA-00369";"PE-00583";2020-05-07 07:11:00;660
"PE-00589";"PE-00563";2020-05-07 07:09:30;150
"PE-00615";"PE-00711";2020-05-07 07:09:30;390
"PE-00623";"PE-00591";2020-05-07 07:09:30;210
"PE-00671";"PE-00702";2020-05-07 07:09:30;270
"PE-00564";"PE-00650";2020-05-07 07:10:00;90
"PE-00591";"PE-00569";2020-05-07 07:10:00;360
"PE-00596";"PA-00369";2020-05-07 07:10:00;540
"PE-00702";"PE-00703";2020-05-07 07:10:00;360
"PE-00671";"PE-00587";2020-05-07 07:10:30;240
"PE-00673";"PE-00670";2020-05-07 07:10:30;390
"PE-00563";"PE-00576";2020-05-07 07:11:00;120
"PE-00583";"PE-00615";2020-05-07 07:11:00;150
"PA-00376";"PE-00574";2020-05-07 07:11:00;1020
"PE-00580";"PE-00589";2020-05-07 07:12:00;150
"PE-00592";"PE-00564";2020-05-07 07:12:00;120
"PA-00377";"PE-00611";2020-05-07 07:12:00;1590
"PE-00673";"PE-00711";2020-05-07 07:12:00;420
"PE-00676";"PE-00709";2020-05-07 07:54:00;1290
"PE-00574";"PE-00578";2020-05-07 07:13:00;180
"PE-00675";"PE-00574";2020-05-07 07:13:00;420
"PE-00583";"PE-00624";2020-05-07 07:15:00;270
"PE-00615";"PE-00580";2020-05-07 07:15:00;660
"PE-00615";"PE-00600";2020-05-07 07:15:00;330
"PA-00376";"PE-00569";2020-05-07 07:15:30;870
"PE-00672";"PE-00697";2020-05-07 07:16:00;810
"PE-00582";"PE-00611";2020-05-07 07:16:30;270
"PE-00676";"PA-00372";2020-05-07 07:16:30;840
"PA-00368";"PE-00588";2020-05-07 07:17:00;570
"PE-00578";"PE-00574";2020-05-07 07:17:00;300
"PE-00592";"PE-00620";2020-05-07 07:17:00;330
"PE-00672";"PE-00703";2020-05-07 07:17:00;450
"PE-00705";"PE-00600";2020-05-07 07:17:00;2040
"PE-00650";"PE-00564";2020-05-07 07:17:30;30
"PE-00587";"PA-00379";2020-05-07 07:18:00;210
"PE-00679";"PE-00615";2020-05-07 07:18:00;240
"PE-00680";"PE-00650";2020-05-07 07:21:00;60
"PE-00563";"PE-00589";2020-05-07 07:18:30;300
"PE-00588";"PE-00563";2020-05-07 07:18:30;120
"PE-00670";"PE-00624";2020-05-07 07:19:30;2190
"PE-00622";"PE-00580";2020-05-07 07:20:00;1140
"PE-00679";"PE-00680";2020-05-07 07:21:00;90
"PE-00615";"PE-00585";2020-05-07 07:20:30;300
"PE-00624";"PE-00581";2020-05-07 07:21:00;630
"PE-00705";"PE-00583";2020-05-07 07:21:00;60
"PE-00611";"PE-00585";2020-05-07 07:21:30;120
"PE-00569";"PE-00621";2020-05-07 07:22:00;30
"PE-00676";"PE-00564";2020-05-07 07:22:00;90
"PE-00605";"PE-00596";2020-05-07 07:22:30;90
"PE-00675";"PA-00370";2020-05-07 07:23:00;780
"PE-00600";"PE-00581";2020-05-07 07:23:30;150
"PE-00580";"PE-00581";2020-05-07 07:24:00;270
"PE-00588";"PE-00676";2020-05-07 07:24:00;510
"PE-00591";"PE-00567";2020-05-07 07:24:00;930
"PA-00373";"PE-00605";2020-05-07 07:24:00;450
"PE-00611";"PE-00680";2020-05-07 07:24:00;120
"PE-00623";"PE-00620";2020-05-07 07:24:00;1440
"PE-00679";"PA-00369";2020-05-07 07:24:00;1320
"PE-00583";"PE-00569";2020-05-07 07:24:30;450
"PE-00569";"PE-00581";2020-05-07 07:25:00;60
"PE-00680";"PE-00679";2020-05-07 07:25:00;1740
"PE-00671";"PE-00567";2020-05-07 07:26:00;210
"PE-00672";"PE-00616";2020-05-07 07:26:00;150
"PE-00578";"PE-00587";2020-05-07 07:26:30;630
"PE-00680";"PE-00611";2020-05-07 07:26:30;420
"PE-00680";"PE-00585";2020-05-07 07:26:30;4530
"PE-00621";"PE-00580";2020-05-07 07:27:00;720
"PE-00564";"PA-00369";2020-05-07 07:27:30;4080
"PE-00587";"PE-00574";2020-05-07 07:27:30;630
"PE-00564";"PA-00372";2020-05-07 07:28:30;330
"PE-00582";"PE-00581";2020-05-07 07:28:30;210
"PE-00582";"PE-00574";2020-05-07 07:28:30;30
"PE-00622";"PE-00621";2020-05-07 07:28:30;180
"PE-00596";"PE-00670";2020-05-07 07:29:00;120
"PE-00650";"PE-00673";2020-05-07 07:29:00;30
"PE-00564";"PE-00622";2020-05-07 07:29:30;30
"PE-00587";"PE-00583";2020-05-07 07:29:30;390
"PA-00376";"PE-00563";2020-05-07 07:29:30;420
"PE-00650";"PE-00592";2020-05-07 07:29:30;180
"PE-00578";"PE-00567";2020-05-07 07:30:00;480
"PE-00624";"PE-00611";2020-05-07 07:30:00;90
"PE-00576";"PE-00676";2020-05-07 07:30:30;270
"PE-00616";"PE-00703";2020-05-07 07:30:30;390
"PE-00703";"PA-00378";2020-05-07 07:30:30;300
"PE-00589";"PE-00569";2020-05-07 07:31:00;210
"PE-00622";"PE-00567";2020-05-07 07:31:00;330
"PE-00615";"PE-00679";2020-05-07 07:31:30;360
"PE-00576";"PE-00583";2020-05-07 07:32:00;90
"PE-00574";"PA-00376";2020-05-07 07:32:30;780
"PE-00576";"PE-00574";2020-05-07 07:32:30;120
"PE-00564";"PE-00574";2020-05-07 07:33:30;270
"PE-00588";"PE-00569";2020-05-07 07:34:00;570
"PE-00705";"PE-00622";2020-05-07 07:34:00;1230
"PE-00585";"PE-00581";2020-05-07 07:35:00;900
"PE-00702";"PE-00671";2020-05-07 07:35:00;120
"PE-00582";"PE-00576";2020-05-07 07:35:30;450
"PE-00624";"PE-00589";2020-05-07 07:35:30;120
"PE-00624";"PA-00370";2020-05-07 07:35:30;2190
"PA-00379";"PE-00585";2020-05-07 07:36:00;930
"PE-00680";"PE-00624";2020-05-07 07:36:00;510
"PE-00585";"PE-00580";2020-05-07 07:36:30;2670
"PE-00596";"PE-00564";2020-05-07 07:37:00;90
"PE-00605";"PE-00697";2020-05-07 07:38:00;600
"PE-00671";"PE-00564";2020-05-07 07:38:00;180
"PE-00615";"PE-00650";2020-05-07 07:39:00;180
"PE-00627";"PA-00371";2020-05-07 07:39:30;480
"PE-00707";"PE-00671";2020-05-07 07:50:00;270
"PE-00567";"PE-00620";2020-05-07 07:41:30;330
"PE-00616";"PE-00592";2020-05-07 07:42:30;120
"PA-00377";"PE-00567";2020-05-07 07:43:00;1020
"PE-00564";"PE-00581";2020-05-07 07:43:30;240
"PE-00596";"PE-00650";2020-05-07 07:43:30;90
"PE-00705";"PE-00589";2020-05-07 07:43:30;840
"PE-00588";"PE-00700";2020-05-07 07:44:00;390
"PE-00622";"PE-00585";2020-05-07 07:44:00;150
"PE-00708";"PA-00377";2020-05-07 07:50:00;1230
"PE-00574";"PA-00377";2020-05-07 07:45:00;1590
"PE-00578";"PE-00581";2020-05-07 07:45:00;90
"PE-00605";"PE-00574";2020-05-07 07:45:30;210
"PE-00627";"PE-00580";2020-05-07 07:45:30;90
"PE-00705";"PE-00592";2020-05-07 07:45:30;330
"PE-00574";"PE-00624";2020-05-07 07:46:30;90
"PE-00707";"PE-00582";2020-05-07 07:50:00;180
"PE-00588";"PE-00564";2020-05-07 07:47:00;660
"PE-00587";"PE-00615";2020-05-07 07:47:00;60
"PE-00676";"PE-00616";2020-05-07 07:47:00;780
"PE-00697";"PE-00578";2020-05-07 07:47:00;180
"PE-00705";"PA-00377";2020-05-07 07:47:00;4350
"PE-00621";"PE-00650";2020-05-07 07:47:30;240
"PE-00671";"PE-00580";2020-05-07 07:47:30;60
"PE-00567";"PE-00592";2020-05-07 07:48:00;930
"PE-00574";"PE-00569";2020-05-07 07:49:00;600
"PE-00574";"PE-00596";2020-05-07 07:50:00;750
"PE-00673";"PA-00374";2020-05-07 07:50:00;180
"PE-00671";"PA-00369";2020-05-07 07:51:00;390
"PE-00623";"PE-00581";2020-05-07 07:51:30;210
"PA-00370";"PE-00580";2020-05-07 07:52:30;1230
"PE-00610";"PE-00623";2020-05-07 07:53:00;210
"PE-00569";"PE-00673";2020-05-07 07:53:30;330
"PE-00627";"PE-00610";2020-05-07 07:53:30;90
"PA-00382";"PE-00569";2020-05-07 07:53:30;420
"PE-00588";"PE-00623";2020-05-07 07:55:00;60
"PE-00615";"PE-00589";2020-05-07 07:55:00;90
"PE-00672";"PE-00620";2020-05-07 07:55:00;60
"PE-00672";"PE-00563";2020-05-07 07:55:00;210
"PE-00582";"PA-00368";2020-05-07 07:55:30;1140
"PE-00675";"PE-00580";2020-05-07 07:55:30;210
"PE-00574";"PE-00600";2020-05-07 07:56:00;210
"PE-00680";"PE-00576";2020-05-07 07:56:00;30
"PE-00622";"PE-00680";2020-05-07 07:57:00;2310
"PE-00711";"PE-00563";2020-05-07 07:57:00;240
"PE-00581";"PA-00374";2020-05-07 07:57:30;270
"PE-00672";"PE-00670";2020-05-07 07:57:30;930
"PE-00622";"PE-00581";2020-05-07 07:58:00;120
"PE-00705";"PE-00585";2020-05-07 07:58:30;150
"PE-00679";"PE-00622";2020-05-07 07:59:00;5040
"PE-00703";"PA-00379";2020-05-07 07:59:00;900
"PE-00675";"PA-00381";2020-05-07 07:59:30;900
"PE-00700";"PE-00709";2020-05-07 07:59:30;450
"PE-00709";"PE-00708";2020-05-07 07:59:30;60
"PE-00588";"PE-00589";2020-05-07 08:00:00;330
"PE-00605";"PE-00574";2020-05-07 08:00:00;150
"PE-00671";"PE-00580";2020-05-07 08:00:00;330
"PE-00563";"PE-00569";2020-05-07 08:01:30;360
"PE-00589";"PE-00711";2020-05-07 08:01:30;1050
"PE-00591";"PE-00702";2020-05-07 08:01:30;210
"PE-00592";"PE-00610";2020-05-07 08:01:30;60
"PE-00671";"PE-00567";2020-05-07 08:02:00;1440
"PA-00369";"PE-00564";2020-05-07 08:03:00;1140
"PE-00605";"PE-00589";2020-05-07 08:03:00;360
"PE-00676";"PE-00564";2020-05-07 08:03:00;300
"PE-00591";"PE-00616";2020-05-07 08:04:00;180
"PE-00670";"PE-00708";2020-05-07 08:04:00;240
"PE-00679";"PE-00578";2020-05-07 08:04:00;540
"PE-00627";"PE-00564";2020-05-07 08:04:30;180
"PE-00700";"PE-00670";2020-05-07 08:04:30;1170
"PE-00671";"PE-00564";2020-05-07 08:06:00;330
"PE-00702";"PE-00703";2020-05-07 08:06:00;570
"PE-00616";"PE-00582";2020-05-07 08:06:30;30
"PE-00700";"PE-00672";2020-05-07 08:06:30;150
"PE-00569";"PE-00563";2020-05-07 08:07:00;180
"PE-00672";"PE-00596";2020-05-07 08:07:00;180
"PE-00567";"PE-00711";2020-05-07 08:07:30;330
"PE-00709";"PE-00576";2020-05-07 08:07:30;240
"PE-00702";"PE-00679";2020-05-07 08:08:00;90
"PE-00711";"PE-00567";2020-05-07 08:08:00;30
"PE-00615";"PE-00580";2020-05-07 08:08:30;570
"PE-00616";"PE-00588";2020-05-07 08:08:30;120
"PA-00381";"PE-00672";2020-05-07 08:08:30;630
"PE-00680";"PE-00576";2020-05-07 08:09:00;180
"PE-00682";"PE-00622";2020-05-07 08:09:00;210
"PE-00707";"PA-00368";2020-05-07 08:09:00;330
"PE-00580";"PE-00589";2020-05-07 08:09:30;270
"PE-00578";"PE-00563";2020-05-07 08:09:30;180
"PE-00670";"PE-00700";2020-05-07 08:09:30;60
"PA-00370";"PE-00671";2020-05-07 08:10:30;1260
"PE-00615";"PE-00589";2020-05-07 08:10:30;510
"PE-00621";"PE-00580";2020-05-07 08:10:30;240
"PE-00680";"PE-00589";2020-05-07 08:10:30;840
"PE-00592";"PE-00564";2020-05-07 08:11:30;90
"PE-00702";"PA-00373";2020-05-07 08:11:30;900
"PE-00708";"PE-00676";2020-05-07 08:11:30;1470
"PE-00672";"PE-00610";2020-05-07 08:12:00;600
"PE-00709";"PE-00711";2020-05-07 08:12:00;120
"PE-00578";"PE-00567";2020-05-07 08:12:30;1140
"PE-00623";"PE-00610";2020-05-07 08:12:30;360
"PE-00605";"PE-00707";2020-05-07 08:13:00;150
"PE-00574";"PE-00564";2020-05-07 08:13:30;1170
"PE-00578";"PE-00574";2020-05-07 08:13:30;810
"PE-00605";"PE-00624";2020-05-07 08:13:30;120
"PE-00680";"PE-00615";2020-05-07 08:14:00;450
"PE-00675";"PE-00569";2020-05-07 08:14:30;90
"PE-00707";"PE-00569";2020-05-07 08:14:30;540
"PE-00616";"PA-00372";2020-05-07 08:15:00;3450
"PE-00567";"PE-00702";2020-05-07 08:15:30;90
"PE-00672";"PE-00703";2020-05-07 08:15:30;240
"PE-00707";"PE-00583";2020-05-07 08:15:30;60
"PE-00627";"PE-00591";2020-05-07 08:16:00;150
"PE-00622";"PE-00580";2020-05-07 08:16:30;90
"PE-00578";"PA-00379";2020-05-07 08:17:00;1770
"PE-00596";"PE-00610";2020-05-07 08:17:00;120
"PE-00702";"PE-00574";2020-05-07 08:17:00;480
"PE-00680";"PE-00605";2020-05-07 08:17:30;120
"PE-00708";"PA-00376";2020-05-07 08:17:30;630
"PE-00564";"PE-00574";2020-05-07 08:18:00;690
"PE-00678";"PE-00564";2020-05-07 08:18:00;690
"PE-00702";"PE-00671";2020-05-07 08:18:00;360
"PE-00589";"PE-00563";2020-05-07 08:18:30;900
"PE-00671";"PE-00702";2020-05-07 08:19:00;30
"PE-00580";"PE-00615";2020-05-07 08:20:00;270
"PA-00372";"PE-00578";2020-05-07 08:20:00;840
"PA-00379";"PE-00587";2020-05-07 08:20:00;5370
"PE-00583";"PA-00369";2020-05-07 08:21:30;600
"PE-00582";"PE-00596";2020-05-07 08:22:00;210
"PE-00678";"PE-00569";2020-05-07 08:22:00;630
"PE-00591";"PE-00682";2020-05-07 08:22:30;90
"PE-00605";"PE-00680";2020-05-07 08:23:00;870
"PE-00622";"PE-00682";2020-05-07 08:23:00;180
"PE-00627";"PE-00610";2020-05-07 08:23:00;120
"PE-00671";"PE-00708";2020-05-07 08:24:00;300
"PE-00672";"PE-00588";2020-05-07 08:24:00;120
"PE-00623";"PE-00588";2020-05-07 08:24:30;780
"PE-00569";"PE-00589";2020-05-07 08:26:00;150
"PE-00673";"PE-00591";2020-05-07 08:26:00;630
"PE-00697";"PE-00671";2020-05-07 08:26:00;120
"PE-00591";"PE-00580";2020-05-07 08:27:00;360
"PE-00624";"PE-00589";2020-05-07 08:27:30;540
"PE-00576";"PE-00709";2020-05-07 08:28:00;300
"PA-00378";"PE-00711";2020-05-07 08:28:00;330
"PE-00672";"PE-00576";2020-05-07 08:28:30;90
"PE-00588";"PE-00600";2020-05-07 08:31:00;60
"PA-00378";"PE-00592";2020-05-07 08:31:00;330
"PE-00697";"PE-00582";2020-05-07 08:31:30;120
"PE-00569";"PE-00672";2020-05-07 08:32:00;210
"PE-00569";"PE-00678";2020-05-07 08:32:00;120
"PE-00582";"PE-00576";2020-05-07 08:32:00;180
"PE-00622";"PE-00567";2020-05-07 08:32:00;750
"PE-00675";"PE-00574";2020-05-07 08:32:30;90
"PE-00605";"PE-00567";2020-05-07 08:33:00;90
"PE-00623";"PE-00705";2020-05-07 08:33:00;330
"PE-00676";"PE-00588";2020-05-07 08:33:00;270
"PE-00703";"PE-00702";2020-05-07 08:33:00;270
"PE-00707";"PE-00574";2020-05-07 08:33:00;330
"PE-00589";"PE-00680";2020-05-07 08:33:30;330
"PE-00610";"PE-00708";2020-05-07 08:33:30;690
"PA-00379";"PE-00610";2020-05-07 08:33:30;1380
"PE-00673";"PE-00702";2020-05-07 08:33:30;90
"PA-00371";"PE-00588";2020-05-07 08:34:00;1020
"PE-00623";"PE-00627";2020-05-07 08:34:00;120
"PE-00576";"PA-00368";2020-05-07 08:34:30;2490
"PE-00697";"PE-00576";2020-05-07 08:34:30;330
"PA-00376";"PE-00574";2020-05-07 08:35:00;750
"PE-00702";"PA-00366";2020-05-07 08:35:00;1710
"PE-00705";"PE-00592";2020-05-07 08:35:00;150
"PE-00582";"PE-00589";2020-05-07 08:36:00;60
"PE-00680";"PE-00679";2020-05-07 08:36:00;180
"PE-00673";"PA-00374";2020-05-07 08:36:30;3300
"PE-00697";"PE-00703";2020-05-07 08:36:30;150
"PE-00611";"PE-00567";2020-05-07 08:38:00;330
"PE-00703";"PE-00672";2020-05-07 08:39:00;510
"PE-00708";"PA-00381";2020-05-07 08:39:00;1050
"PE-00576";"PE-00611";2020-05-07 08:39:30;1050
"PE-00610";"PE-00576";2020-05-07 08:40:00;180
"PE-00700";"PE-00588";2020-05-07 08:40:00;210
"PA-00368";"PE-00580";2020-05-07 08:40:30;810
"PA-00371";"PE-00610";2020-05-07 08:40:30;270
"PA-00371";"PE-00583";2020-05-07 08:41:00;870
"PE-00596";"PE-00574";2020-05-07 08:41:00;240
"PE-00676";"PA-00382";2020-05-07 08:41:00;810
"PE-00709";"PA-00371";2020-05-07 08:41:00;240
"PE-00591";"PE-00574";2020-05-07 08:41:30;450
"PE-00682";"PE-00705";2020-05-07 08:42:00;180
"PE-00600";"PA-00366";2020-05-07 08:42:30;450
"PE-00709";"PE-00624";2020-05-07 08:42:30;150
"PE-00574";"PE-00621";2020-05-07 08:43:00;120
"PE-00631";"PE-00576";2020-05-07 08:43:00;600
"PE-00578";"PE-00615";2020-05-07 08:44:00;780
"PE-00616";"PE-00622";2020-05-07 08:44:30;840
"PE-00680";"PE-00611";2020-05-07 08:44:30;390
"PE-00680";"PE-00574";2020-05-07 08:44:30;390
"PA-00374";"PE-00583";2020-05-07 08:45:00;780
"PE-00574";"PE-00567";2020-05-07 08:45:30;630
"PE-00605";"PE-00643";2020-05-07 08:45:30;570
"PE-00631";"PE-00588";2020-05-07 08:46:00;180
"PA-00381";"PE-00697";2020-05-07 08:46:00;660
"PE-00627";"PE-00679";2020-05-07 08:46:30;90
"PA-00381";"PE-00610";2020-05-07 08:46:30;360
"PE-00679";"PA-00369";2020-05-07 08:46:30;450
"PA-00366";"PE-00567";2020-05-07 08:47:00;840
"PE-00623";"PE-00591";2020-05-07 08:47:00;30
"PE-00675";"PE-00587";2020-05-07 08:47:00;690
"PE-00709";"PE-00592";2020-05-07 08:47:00;540
"PE-00710";"PE-00605";2020-05-07 08:47:30;720
"PA-00379";"PE-00576";2020-05-07 08:48:00;810
"PA-00381";"PE-00587";2020-05-07 08:48:00;720
"PE-00672";"PE-00623";2020-05-07 08:48:00;1770
"PE-00672";"PA-00370";2020-05-07 08:48:30;1350
"PE-00583";"PE-00703";2020-05-07 08:49:00;90
"PE-00616";"PE-00567";2020-05-07 08:49:00;120
"PE-00627";"PE-00702";2020-05-07 08:49:30;570
"PE-00673";"PE-00670";2020-05-07 08:49:30;1080
"PE-00676";"PE-00576";2020-05-07 08:49:30;300
"PE-00627";"PE-00670";2020-05-07 08:50:00;330
"PE-00672";"PE-00707";2020-05-07 08:50:00;360
"PA-00374";"PE-00615";2020-05-07 08:50:30;180
"PE-00679";"PE-00615";2020-05-07 08:50:30;840
"PE-00583";"PE-00596";2020-05-07 08:51:00;120
"PA-00371";"PE-00591";2020-05-07 08:51:00;3150
"PE-00631";"PE-00574";2020-05-07 08:51:00;120
"PE-00679";"PE-00631";2020-05-07 08:51:00;30
"PE-00592";"PE-00567";2020-05-07 08:51:30;180
"PE-00631";"PE-00589";2020-05-07 08:51:30;2160
"PA-00371";"PE-00582";2020-05-07 08:52:00;690
"PE-00605";"PE-00569";2020-05-07 08:52:00;150
"PE-00705";"PE-00710";2020-05-07 08:52:30;300
"PE-00705";"PE-00589";2020-05-07 08:53:00;1590
"PE-00709";"PE-00600";2020-05-07 08:53:00;780
"PE-00605";"PE-00682";2020-05-07 08:53:30;300
"PE-00643";"PE-00708";2020-05-07 08:54:00;510
"PE-00610";"PE-00574";2020-05-07 08:54:30;300
"PE-00600";"PE-00643";2020-05-07 08:55:00;30
"PA-00365";"PE-00671";2020-05-07 08:55:30;540
"PE-00673";"PE-00569";2020-05-07 08:56:00;90
"PE-00587";"PE-00670";2020-05-07 08:56:30;1800
"PE-00672";"PE-00705";2020-05-07 08:56:30;90
"PE-00574";"PE-00697";2020-05-07 08:57:00;1110
"PA-00370";"PE-00588";2020-05-07 08:57:00;1050
"PE-00591";"PE-00643";2020-05-07 08:57:00;1500
"PE-00600";"PA-00378";2020-05-07 08:57:00;450
"PE-00605";"PE-00708";2020-05-07 08:57:00;120
"PE-00596";"PE-00564";2020-05-07 08:57:30;270
"PE-00643";"PE-00678";2020-05-07 08:57:30;450
"PE-00643";"PA-00374";2020-05-07 08:57:30;1470
"PE-00596";"PE-00611";2020-05-07 08:58:00;390
"PE-00670";"PE-00582";2020-05-07 08:58:00;1680
"PE-00567";"PA-00370";2020-05-07 08:58:30;150
"PE-00643";"PE-00710";2020-05-07 08:58:30;270
"PE-00679";"PE-00600";2020-05-07 08:58:30;240
"PE-00621";"PE-00622";2020-05-07 08:59:30;1050
"PE-00576";"PE-00582";2020-05-07 09:00:00;690
"PA-00378";"PE-00679";2020-05-07 09:00:00;90
"PE-00673";"PE-00627";2020-05-07 09:01:00;30
"PE-00564";"PA-00368";2020-05-07 09:02:30;240
"PE-00596";"PE-00564";2020-05-07 09:02:30;1260
"PE-00702";"PE-00650";2020-05-07 09:02:30;150
"PE-00708";"PA-00376";2020-05-07 09:02:30;450
"PE-00582";"PE-00672";2020-05-07 09:03:00;780
"PE-00671";"PE-00702";2020-05-07 09:03:00;1920
"PE-00675";"PE-00587";2020-05-07 09:03:00;450
"PE-00574";"PE-00567";2020-05-07 09:03:30;90
"PE-00576";"PE-00580";2020-05-07 09:03:30;90
"PA-00371";"PE-00588";2020-05-07 09:03:30;270
"PE-00673";"PA-00374";2020-05-07 09:03:30;2280
"PE-00671";"PA-00373";2020-05-07 09:04:00;2820
"PE-00675";"PE-00569";2020-05-07 09:04:00;60
"PE-00582";"PE-00671";2020-05-07 09:04:30;900
"PE-00583";"PE-00675";2020-05-07 09:05:00;240
"PE-00616";"PE-00588";2020-05-07 09:05:00;420
"PE-00679";"PE-00580";2020-05-07 09:05:00;240
"PE-00682";"PA-00369";2020-05-07 09:05:00;450
"PE-00703";"PE-00624";2020-05-07 09:05:00;240
"PE-00708";"PE-00582";2020-05-07 09:05:00;120
"PE-00564";"PE-00574";2020-05-07 09:05:30;540
"PE-00631";"PE-00574";2020-05-07 09:05:30;1770
"PE-00650";"PE-00564";2020-05-07 09:05:30;60
"PE-00623";"PA-00365";2020-05-07 09:06:00;750
"PE-00673";"PE-00569";2020-05-07 09:06:00;450
"PE-00583";"PE-00605";2020-05-07 09:06:30;180
"PE-00676";"PE-00673";2020-05-07 09:07:00;150
"PE-00682";"PE-00711";2020-05-07 09:07:00;720
"PE-00710";"PE-00605";2020-05-07 09:08:00;540
"PE-00624";"PE-00578";2020-05-07 09:08:30;390
"PE-00697";"PE-00583";2020-05-07 09:09:00;450
"PE-00673";"PA-00370";2020-05-07 09:10:00;1200
"PE-00574";"PA-00365";2020-05-07 09:10:30;180
"PE-00643";"PE-00605";2020-05-07 09:10:30;360
"PE-00671";"PE-00583";2020-05-07 09:10:30;840
"PE-00708";"PE-00624";2020-05-07 09:10:30;90
"PE-00582";"PA-00365";2020-05-07 09:11:00;390
"PA-00369";"PE-00615";2020-05-07 09:11:00;1440
"PE-00567";"PE-00623";2020-05-07 09:12:00;930
"PE-00643";"PE-00588";2020-05-07 09:12:00;240
"PE-00676";"PE-00576";2020-05-07 09:12:00;420
"PE-00580";"PE-00589";2020-05-07 09:12:30;480
"PE-00580";"PA-00368";2020-05-07 09:12:30;390
"PE-00563";"PE-00567";2020-05-07 09:13:00;240
"PE-00673";"PE-00650";2020-05-07 09:13:00;90
"PA-00381";"PE-00587";2020-05-07 09:13:30;1140
"PE-00596";"PE-00582";2020-05-07 09:14:00;210
"PA-00379";"PE-00615";2020-05-07 09:14:00;2070
"PE-00682";"PE-00631";2020-05-07 09:14:00;60
"PE-00585";"PE-00611";2020-05-07 09:14:30;270
"PE-00589";"PA-00376";2020-05-07 09:14:30;150
"PE-00703";"PE-00574";2020-05-07 09:14:30;180
"PE-00563";"PE-00588";2020-05-07 09:15:30;360
"PE-00610";"PE-00707";2020-05-07 09:15:30;210
"PE-00670";"PE-00587";2020-05-07 09:16:00;330
"PE-00588";"PE-00589";2020-05-07 09:16:30;210
"PE-00650";"PE-00585";2020-05-07 09:16:30;120
"PE-00707";"PA-00382";2020-05-07 09:16:30;330
"PE-00670";"PE-00582";2020-05-07 09:17:00;660
"PE-00627";"PE-00587";2020-05-07 09:17:30;240
"PE-00596";"PE-00574";2020-05-07 09:18:00;60
"PE-00574";"PE-00588";2020-05-07 09:18:30;210
"PE-00576";"PE-00676";2020-05-07 09:19:00;720
"PE-00700";"PE-00631";2020-05-07 09:19:00;390
"PE-00595";"PE-00600";2020-05-07 09:19:30;60
"PE-00670";"PE-00700";2020-05-07 09:19:30;90
"PE-00563";"PE-00589";2020-05-07 09:20:30;150
"PE-00587";"PE-00569";2020-05-07 09:20:30;240
"PE-00600";"PE-00627";2020-05-07 09:20:30;90
"PE-00673";"PE-00567";2020-05-07 09:20:30;90
"PE-00569";"PE-00700";2020-05-07 09:21:00;750
"PE-00683";"PE-00611";2020-05-07 09:24:00;210
"PE-00631";"PA-00371";2020-05-07 09:21:30;330
"PE-00697";"PE-00605";2020-05-07 09:21:30;90
"PE-00702";"PE-00671";2020-05-07 09:21:30;450
"PE-00680";"PA-00369";2020-05-07 09:22:00;360
"PE-00563";"PE-00631";2020-05-07 09:22:30;180
"PE-00707";"PE-00610";2020-05-07 09:22:30;150
"PE-00563";"PE-00578";2020-05-07 09:23:00;60
"PE-00589";"PE-00703";2020-05-07 09:23:00;90
"PE-00595";"PE-00679";2020-05-07 09:23:00;180
"PE-00631";"PE-00583";2020-05-07 09:23:00;810
"PE-00670";"PA-00382";2020-05-07 09:23:00;600
"PE-00576";"PE-00574";2020-05-07 09:23:30;60
"PE-00595";"PE-00709";2020-05-07 09:23:30;210
"PE-00675";"PE-00574";2020-05-07 09:23:30;390
"PE-00605";"PA-00369";2020-05-07 09:24:00;2430
"PE-00582";"PE-00709";2020-05-07 09:24:30;90
"PE-00587";"PA-00378";2020-05-07 09:24:30;120
"PA-00378";"PE-00622";2020-05-07 09:24:30;840
"PE-00594";"PE-00564";2020-05-07 09:25:00;1200
"PE-00611";"PE-00683";2020-05-07 09:25:00;210
"PE-00709";"PE-00621";2020-05-07 09:25:00;240
"PE-00588";"PE-00623";2020-05-07 09:25:30;150
"PE-00650";"PA-00381";2020-05-07 09:25:30;510
"PE-00578";"PE-00563";2020-05-07 09:26:00;1650
"PE-00675";"PE-00580";2020-05-07 09:26:30;360
"PE-00643";"PE-00631";2020-05-07 09:27:30;360
"PE-00615";"PE-00587";2020-05-07 09:28:00;120
"PE-00697";"PA-00379";2020-05-07 09:28:00;570
"PE-00697";"PE-00563";2020-05-07 09:28:30;210
"PE-00623";"PE-00585";2020-05-07 09:29:00;870
"PE-00631";"PA-00372";2020-05-07 09:29:00;2010
"PE-00708";"PE-00650";2020-05-07 09:29:00;120
"PE-00697";"PE-00574";2020-05-07 09:29:30;60
"PE-00623";"PE-00600";2020-05-07 09:31:00;150
"PE-00623";"PA-00376";2020-05-07 09:31:30;1260
"PE-00631";"PE-00589";2020-05-07 09:31:30;480
"PE-00682";"PE-00605";2020-05-07 09:31:30;30
"PE-00703";"PE-00623";2020-05-07 09:32:00;300
"PE-00623";"PE-00650";2020-05-07 09:32:30;600
"PE-00672";"PE-00671";2020-05-07 09:33:00;150
"PE-00710";"PE-00711";2020-05-07 09:33:00;90
"PE-00563";"PE-00569";2020-05-07 09:34:00;240
"PE-00600";"PE-00588";2020-05-07 09:34:00;120
"PE-00708";"PE-00702";2020-05-07 09:34:00;330
"PE-00587";"PA-00368";2020-05-07 09:35:00;2640
"PE-00578";"PA-00368";2020-05-07 09:35:00;510
"PE-00596";"PE-00567";2020-05-07 09:35:00;480
"PE-00709";"PE-00710";2020-05-07 09:35:00;420
"PE-00672";"PE-00703";2020-05-07 09:35:30;1530
"PE-00567";"PE-00700";2020-05-07 09:36:00;420
"PE-00580";"PE-00615";2020-05-07 09:36:00;210
"PE-00610";"PA-00371";2020-05-07 09:36:00;750
"PE-00622";"PE-00683";2020-05-07 09:36:00;540
"PE-00702";"PE-00596";2020-05-07 09:36:00;60
"PE-00569";"PE-00589";2020-05-07 09:36:30;150
"PE-00675";"PE-00702";2020-05-07 09:36:30;180
"PE-00564";"PE-00596";2020-05-07 09:37:00;90
"PE-00627";"PE-00589";2020-05-07 09:37:00;210
"PE-00627";"PE-00564";2020-05-07 09:37:00;330
"PE-00627";"PE-00567";2020-05-07 09:39:00;90
"PA-00368";"PE-00580";2020-05-07 09:39:30;330
"PA-00366";"PE-00567";2020-05-07 09:39:30;210
"PE-00702";"PE-00587";2020-05-07 09:39:30;270
"PE-00596";"PE-00600";2020-05-07 09:40:00;60
"PE-00616";"PA-00365";2020-05-07 09:40:30;1470
"PE-00621";"PE-00569";2020-05-07 09:41:00;120
"PA-00378";"PE-00600";2020-05-07 09:41:00;180
"PE-00574";"PE-00583";2020-05-07 09:41:30;240
"PE-00708";"PA-00381";2020-05-07 09:41:30;480
"PE-00710";"PE-00673";2020-05-07 09:41:30;30
"PE-00582";"PE-00564";2020-05-07 09:42:00;390
"PE-00567";"PA-00370";2020-05-07 09:42:30;30
"PE-00679";"PE-00564";2020-05-07 09:42:30;180
"PE-00622";"PE-00578";2020-05-07 09:43:30;210
"PE-00582";"PE-00576";2020-05-07 09:44:00;720
"PE-00623";"PE-00679";2020-05-07 09:44:30;570
"PE-00683";"PA-00379";2020-05-07 09:44:30;30
"PE-00564";"PE-00605";2020-05-07 09:45:00;240
"PE-00627";"PE-00610";2020-05-07 09:45:00;150
"PA-00373";"PE-00588";2020-05-07 09:45:30;1530
"PE-00616";"PE-00585";2020-05-07 09:45:30;420
"PE-00697";"PA-00374";2020-05-07 09:46:00;300
"PE-00574";"PE-00564";2020-05-07 09:46:30;300
"PE-00600";"PE-00574";2020-05-07 09:46:30;60
"PE-00709";"PE-00600";2020-05-07 09:46:30;360
"PE-00673";"PE-00563";2020-05-07 09:47:00;360
"PE-00686";"PE-00711";2020-05-07 09:50:00;90
"PE-00580";"PE-00679";2020-05-07 09:48:00;60
"PA-00372";"PE-00697";2020-05-07 09:48:30;1410
"PE-00600";"PE-00580";2020-05-07 09:48:30;360
"PE-00605";"PE-00582";2020-05-07 09:48:30;390
"PE-00605";"PA-00373";2020-05-07 09:48:30;840
"PE-00623";"PA-00370";2020-05-07 09:49:30;480
"PE-00582";"PE-00589";2020-05-07 09:50:00;150
"PE-00676";"PE-00621";2020-05-07 09:50:00;240
"PE-00679";"PA-00369";2020-05-07 09:50:00;570
"PE-00615";"PE-00682";2020-05-07 09:52:00;2250
"PE-00622";"PA-00382";2020-05-07 09:52:00;1110
"PE-00610";"PE-00623";2020-05-07 09:52:30;180
"PA-00372";"PE-00650";2020-05-07 09:53:00;780
"PA-00372";"PE-00686";2020-05-07 09:53:00;810
"PA-00381";"PE-00564";2020-05-07 09:53:00;10320
"PE-00563";"PE-00582";2020-05-07 09:53:30;120
"PE-00673";"PA-00376";2020-05-07 09:53:30;930
"PE-00600";"PE-00585";2020-05-07 09:54:30;210
"PE-00676";"PE-00564";2020-05-07 09:55:00;1140
"PE-00679";"PE-00611";2020-05-07 09:56:00;630
"PE-00682";"PE-00650";2020-05-07 09:56:00;540
"PE-00685";"PA-00373";2020-05-07 09:57:30;1230
"PE-00621";"PE-00574";2020-05-07 09:59:00;60
"PE-00708";"PE-00610";2020-05-07 09:59:30;450
"PE-00670";"PE-00620";2020-05-07 10:00:00;90
"PE-00711";"PE-00580";2020-05-07 10:00:00;690
"PE-00605";"PE-00616";2020-05-07 10:00:30;90
"PE-00583";"PE-00588";2020-05-07 10:01:00;60
"PE-00596";"PE-00595";2020-05-07 10:01:30;480
"PE-00682";"PE-00622";2020-05-07 10:01:30;420
"PE-00563";"PE-00569";2020-05-07 10:02:00;150
"PE-00580";"PE-00583";2020-05-07 10:02:00;510
"PE-00643";"PE-00588";2020-05-07 10:02:00;120
"PE-00596";"PE-00600";2020-05-07 10:03:00;210
"PE-00622";"PE-00569";2020-05-07 10:03:00;870
"PA-00381";"PE-00610";2020-05-07 10:03:00;270
"PE-00621";"PA-00382";2020-05-07 10:03:30;270
"PE-00623";"PE-00610";2020-05-07 10:03:30;390
"PA-00381";"PE-00563";2020-05-07 10:03:30;630
"PE-00671";"PE-00700";2020-05-07 10:03:30;120
"PE-00621";"PE-00679";2020-05-07 10:04:00;270
"PE-00631";"PE-00563";2020-05-07 10:04:30;1080
"PE-00708";"PE-00592";2020-05-07 10:04:30;30
"PE-00644";"PE-00605";2020-05-07 10:05:00;900
"PE-00644";"PA-00368";2020-05-07 10:05:00;1080
"PE-00700";"PA-00365";2020-05-07 10:05:00;1530
"PE-00616";"PE-00615";2020-05-07 10:05:30;150
"PE-00643";"PE-00605";2020-05-07 10:05:30;330
"PE-00711";"PE-00563";2020-05-07 10:05:30;30
"PE-00574";"PA-00376";2020-05-07 10:06:00;990
"PE-00588";"PE-00623";2020-05-07 10:06:00;30
"PE-00596";"PA-00369";2020-05-07 10:06:00;4320
"PE-00620";"PE-00610";2020-05-07 10:06:00;210
"PE-00670";"PE-00671";2020-05-07 10:06:00;870
"PE-00685";"PE-00564";2020-05-07 10:06:30;480
"PE-00697";"PA-00372";2020-05-07 10:06:30;3660
"PE-00564";"PE-00676";2020-05-07 10:07:00;1440
"PE-00600";"PE-00611";2020-05-07 10:07:00;600
"PE-00624";"PA-00370";2020-05-07 10:07:30;570
"PE-00675";"PE-00616";2020-05-07 10:07:30;750
"PE-00580";"PE-00711";2020-05-07 10:08:00;60
"PE-00578";"PE-00563";2020-05-07 10:08:00;120
"PE-00588";"PE-00596";2020-05-07 10:09:00;180
"PE-00610";"PE-00682";2020-05-07 10:09:00;1470
"PA-00379";"PE-00587";2020-05-07 10:09:00;2940
"PE-00564";"PE-00574";2020-05-07 10:09:30;150
"PE-00670";"PE-00594";2020-05-07 10:10:00;150
"PE-00670";"PA-00382";2020-05-07 10:10:00;1350
"PE-00700";"PE-00569";2020-05-07 10:10:00;270
"PE-00589";"PE-00600";2020-05-07 10:10:30;570
"PE-00592";"PE-00564";2020-05-07 10:10:30;450
"PE-00596";"PE-00564";2020-05-07 10:10:30;1290
"PE-00673";"PE-00672";2020-05-07 10:10:30;150
"PE-00631";"PE-00710";2020-05-07 10:11:00;210
"PE-00563";"PE-00670";2020-05-07 10:12:00;450
"PE-00583";"PE-00587";2020-05-07 10:12:00;690
"PE-00672";"PE-00585";2020-05-07 10:12:30;720
"PE-00673";"PE-00650";2020-05-07 10:12:30;120
"PE-00673";"PE-00588";2020-05-07 10:12:30;600
"PA-00365";"PE-00592";2020-05-07 10:13:00;360
"PE-00588";"PE-00686";2020-05-07 10:13:30;660
"PE-00697";"PE-00605";2020-05-07 10:13:30;240
"PE-00700";"PA-00376";2020-05-07 10:13:30;570
"PE-00595";"PE-00702";2020-05-07 10:14:00;1260
"PE-00679";"PA-00369";2020-05-07 10:14:30;240
"PA-00368";"PE-00594";2020-05-07 10:16:00;600
"PE-00576";"PA-00365";2020-05-07 10:16:00;210
"PE-00670";"PA-00370";2020-05-07 10:16:00;3870
"PE-00700";"PE-00670";2020-05-07 10:16:00;900
"PE-00605";"PA-00373";2020-05-07 10:17:00;540
"PE-00615";"PE-00580";2020-05-07 10:17:00;270
"PE-00643";"PA-00374";2020-05-07 10:17:30;1290
"PE-00673";"PE-00569";2020-05-07 10:17:30;150
"PA-00365";"PE-00574";2020-05-07 10:18:30;90
"PE-00600";"PE-00682";2020-05-07 10:18:30;270
"PE-00675";"PE-00574";2020-05-07 10:18:30;330
"PE-00700";"PE-00588";2020-05-07 10:18:30;540
"PE-00710";"PA-00365";2020-05-07 10:18:30;30
"PE-00611";"PE-00574";2020-05-07 10:19:00;150
"PE-00621";"PE-00671";2020-05-07 10:19:30;120
"PE-00711";"PE-00564";2020-05-07 10:19:30;150
"PA-00372";"PE-00671";2020-05-07 10:20:00;210
"PE-00675";"PE-00595";2020-05-07 10:20:00;690
"PE-00705";"PE-00580";2020-05-07 10:20:00;750
"PE-00582";"PE-00676";2020-05-07 10:20:30;600
"PE-00576";"PE-00676";2020-05-07 10:20:30;180
"PE-00675";"PE-00569";2020-05-07 10:20:30;210
"PE-00644";"PE-00650";2020-05-07 10:21:00;240
"PE-00676";"PE-00576";2020-05-07 10:21:00;60
"PE-00576";"PE-00594";2020-05-07 10:21:30;540
"PE-00702";"PE-00583";2020-05-07 10:22:00;210
"PA-00369";"PE-00564";2020-05-07 10:22:30;1890
"PE-00594";"PE-00711";2020-05-07 10:22:30;330
"PE-00621";"PE-00705";2020-05-07 10:22:30;360
"PE-00622";"PE-00631";2020-05-07 10:22:30;30
"PE-00587";"PE-00682";2020-05-07 10:23:30;840
"PE-00708";"PE-00621";2020-05-07 10:24:00;300
"PE-00563";"PA-00372";2020-05-07 10:24:30;2520
"PE-00583";"PE-00574";2020-05-07 10:25:00;240
"PA-00365";"PE-00563";2020-05-07 10:25:00;360
"PE-00676";"PE-00564";2020-05-07 10:25:00;150
"PE-00582";"PE-00624";2020-05-07 10:25:30;180
"PE-00589";"PE-00580";2020-05-07 10:25:30;480
"PE-00592";"PA-00365";2020-05-07 10:25:30;1050
"PE-00708";"PE-00610";2020-05-07 10:25:30;30
"PE-00583";"PE-00569";2020-05-07 10:26:00;240
"PE-00703";"PE-00564";2020-05-07 10:26:00;630
"PE-00671";"PA-00378";2020-05-07 10:26:30;810
"PE-00708";"PE-00624";2020-05-07 10:27:00;360
"PE-00564";"PE-00596";2020-05-07 10:27:30;750
"PE-00563";"PE-00588";2020-05-07 10:28:00;510
"PE-00643";"PE-00592";2020-05-07 10:28:30;30
"PE-00705";"PE-00583";2020-05-07 10:28:30;120
"PA-00372";"PE-00569";2020-05-07 10:29:00;1440
"PE-00605";"PE-00580";2020-05-07 10:29:00;30
"PE-00574";"PA-00365";2020-05-07 10:29:30;330
"PE-00605";"PE-00563";2020-05-07 10:29:30;180
"PE-00643";"PA-00372";2020-05-07 10:29:30;540
"PE-00697";"PE-00594";2020-05-07 10:29:30;120
"PE-00583";"PE-00585";2020-05-07 10:30:00;30
"PE-00621";"PE-00580";2020-05-07 10:30:00;450
"PE-00624";"PE-00682";2020-05-07 10:30:30;600
"PE-00685";"PE-00616";2020-05-07 10:31:30;90
"PE-00671";"PE-00580";2020-05-07 10:32:00;330
"PA-00370";"PE-00588";2020-05-07 10:32:30;1230
"PE-00578";"PE-00585";2020-05-07 10:33:00;90
"PE-00709";"PE-00576";2020-05-07 10:34:00;1710
"PA-00374";"PE-00711";2020-05-07 10:34:30;5370
"PE-00672";"PE-00711";2020-05-07 10:34:30;210
"PE-00697";"PE-00621";2020-05-07 10:35:00;420
"PE-00708";"PE-00582";2020-05-07 10:35:00;1290
"PE-00616";"PA-00382";2020-05-07 10:35:30;1710
"PE-00703";"PE-00574";2020-05-07 10:35:30;630
"PE-00672";"PE-00703";2020-05-07 10:36:30;120
"PE-00672";"PE-00675";2020-05-07 10:37:00;480
"PE-00708";"PE-00605";2020-05-07 10:37:00;90
"PE-00672";"PA-00370";2020-05-07 10:38:00;1320
"PE-00697";"PE-00679";2020-05-07 10:38:00;420
"PE-00697";"PA-00379";2020-05-07 10:39:00;690
"PE-00563";"PE-00578";2020-05-07 10:40:00;210
"PE-00610";"PE-00620";2020-05-07 10:40:00;660
"PE-00621";"PE-00624";2020-05-07 10:40:00;1590
"PE-00587";"PE-00596";2020-05-07 10:41:00;1200
"PE-00620";"PE-00615";2020-05-07 10:41:30;450
"PE-00670";"PE-00702";2020-05-07 10:41:30;210
"PE-00631";"PA-00372";2020-05-07 10:42:00;1320
"PE-00671";"PE-00644";2020-05-07 10:42:00;210
"PE-00700";"PE-00620";2020-05-07 10:43:00;90
"PE-00563";"PA-00376";2020-05-07 10:43:30;390
"PE-00615";"PE-00585";2020-05-07 10:44:00;90
"PE-00631";"PE-00676";2020-05-07 10:44:00;870
"PE-00623";"PE-00588";2020-05-07 10:44:30;390
"PE-00711";"PA-00378";2020-05-07 10:44:30;1770
"PE-00589";"PE-00592";2020-05-07 10:45:00;240
"PE-00623";"PE-00611";2020-05-07 10:45:00;150
"PE-00621";"PE-00610";2020-05-07 10:46:00;2160
"PE-00711";"PE-00589";2020-05-07 10:46:00;1470
"PE-00587";"PE-00672";2020-05-07 10:46:30;1140
"PE-00596";"PA-00370";2020-05-07 10:47:30;780
"PE-00685";"PE-00623";2020-05-07 10:48:00;60
"PE-00580";"PA-00365";2020-05-07 10:49:00;780
"PE-00589";"PE-00569";2020-05-07 10:49:00;480
"PE-00703";"PE-00644";2020-05-07 10:49:00;300
"PE-00588";"PE-00583";2020-05-07 10:49:30;510
"PE-00620";"PE-00592";2020-05-07 10:49:30;510
"PE-00600";"PE-00574";2020-05-07 10:50:00;360
"PE-00631";"PE-00587";2020-05-07 10:50:00;750
"PE-00643";"PE-00631";2020-05-07 10:50:30;270
"PE-00685";"PE-00596";2020-05-07 10:50:30;390
"PE-00708";"PE-00643";2020-05-07 10:51:00;150
"PA-00370";"PE-00580";2020-05-07 10:51:30;150
"PE-00576";"PE-00673";2020-05-07 10:51:30;3510
"PE-00708";"PE-00679";2020-05-07 10:51:30;240
"PE-00585";"PE-00616";2020-05-07 10:52:00;240
"PE-00670";"PE-00624";2020-05-07 10:52:30;1410
"PE-00594";"PA-00373";2020-05-07 10:53:00;1170
"PE-00707";"PE-00623";2020-05-07 10:53:00;330
"PA-00365";"PE-00589";2020-05-07 10:53:30;1260
"PE-00624";"PE-00580";2020-05-07 10:53:30;660
"PE-00596";"PE-00711";2020-05-07 10:54:00;210
"PE-00679";"PE-00563";2020-05-07 10:54:00;210
"PE-00679";"PE-00580";2020-05-07 10:54:30;210
"PA-00369";"PE-00644";2020-05-07 10:55:30;2250
"PE-00709";"PA-00372";2020-05-07 10:55:30;3630
"PE-00580";"PE-00576";2020-05-07 10:56:30;120
"PE-00582";"PE-00576";2020-05-07 10:57:30;180
"PE-00707";"PE-00569";2020-05-07 10:57:30;180
"PE-00631";"PE-00574";2020-05-07 10:58:30;150
"PE-00644";"PE-00564";2020-05-07 10:58:30;1260
"PE-00580";"PE-00592";2020-05-07 10:59:00;150
"PE-00707";"PE-00574";2020-05-07 10:59:00;270
"PE-00621";"PE-00585";2020-05-07 10:59:30;450
"PE-00563";"PE-00569";2020-05-07 11:00:00;240
"PE-00589";"PE-00580";2020-05-07 11:00:00;150
"PE-00705";"PA-00370";2020-05-07 11:00:30;30
"PA-00373";"PE-00605";2020-05-07 11:01:00;960
"PE-00682";"PE-00622";2020-05-07 11:01:00;360
"PE-00582";"PE-00589";2020-05-07 11:01:30;120
"PE-00611";"PE-00585";2020-05-07 11:01:30;330
"PE-00588";"PE-00623";2020-05-07 11:02:00;90
"PE-00620";"PE-00589";2020-05-07 11:02:00;480
"PE-00620";"PE-00672";2020-05-07 11:02:30;90
"PE-00697";"PE-00623";2020-05-07 11:02:30;420
"PE-00605";"PE-00623";2020-05-07 11:03:00;210
"PE-00676";"PE-00564";2020-05-07 11:03:30;360
"PA-00372";"PE-00563";2020-05-07 11:04:00;2280
"PE-00620";"PE-00685";2020-05-07 11:04:00;60
"PE-00623";"PE-00610";2020-05-07 11:04:00;150
"PA-00378";"PE-00587";2020-05-07 11:04:00;1110
"PE-00676";"PE-00623";2020-05-07 11:04:00;240
"PE-00685";"PE-00610";2020-05-07 11:04:00;300
"PA-00371";"PE-00682";2020-05-07 11:04:30;600
"PE-00616";"PE-00588";2020-05-07 11:05:00;150
"PE-00591";"PE-00709";2020-05-07 11:05:30;510
"PE-00620";"PE-00592";2020-05-07 11:05:30;540
"PE-00611";"PE-00682";2020-05-07 11:06:00;1350
"PE-00616";"PE-00582";2020-05-07 11:06:00;240
"PE-00591";"PA-00365";2020-05-07 11:07:00;540
"PE-00673";"PA-00365";2020-05-07 11:07:00;930
"PE-00678";"PE-00569";2020-05-07 11:07:00;390
"PE-00611";"PA-00370";2020-05-07 11:08:30;210
"PE-00616";"PE-00644";2020-05-07 11:08:30;450
"PE-00707";"PE-00564";2020-05-07 11:08:30;660
"PE-00705";"PE-00673";2020-05-07 11:09:00;150
"PE-00624";"PE-00592";2020-05-07 11:09:30;750
"PE-00709";"PE-00705";2020-05-07 11:10:00;90
"PE-00702";"PE-00703";2020-05-07 11:11:00;270
"PE-00564";"PE-00670";2020-05-07 11:11:30;300
"PE-00563";"PA-00371";2020-05-07 11:11:30;480
"PE-00702";"PE-00563";2020-05-07 11:11:30;360
"PE-00594";"PE-00574";2020-05-07 11:12:30;30
"PE-00705";"PE-00589";2020-05-07 11:12:30;270
"PA-00368";"PE-00576";2020-05-07 11:13:30;450
"PE-00711";"PE-00580";2020-05-07 11:13:30;270
"PE-00711";"PA-00372";2020-05-07 11:13:30;210
"PE-00611";"PE-00580";2020-05-07 11:14:00;840
"PE-00605";"PE-00574";2020-05-07 11:14:30;630
"PE-00671";"PE-00702";2020-05-07 11:14:30;30
"PE-00697";"PE-00574";2020-05-07 11:14:30;180
"PE-00702";"PE-00671";2020-05-07 11:14:30;630
"PE-00678";"PA-00374";2020-05-07 11:15:00;2130
"PE-00705";"PE-00672";2020-05-07 11:15:30;270
"PA-00370";"PE-00676";2020-05-07 11:16:00;1380
"PE-00622";"PA-00374";2020-05-07 11:16:00;930
"PE-00685";"PA-00369";2020-05-07 11:16:00;270
"PE-00707";"PE-00574";2020-05-07 11:16:00;60
"PE-00682";"PE-00703";2020-05-07 11:16:30;390
"PE-00673";"PE-00569";2020-05-07 11:17:00;120
"PE-00707";"PE-00610";2020-05-07 11:17:00;360
"PE-00580";"PE-00611";2020-05-07 11:17:30;270
"PE-00578";"PE-00564";2020-05-07 11:18:00;60
"PE-00578";"PA-00368";2020-05-07 11:18:30;480
"PE-00592";"PE-00580";2020-05-07 11:18:30;300
"PE-00621";"PE-00574";2020-05-07 11:18:30;180
"PA-00378";"PE-00709";2020-05-07 11:18:30;2490
"PE-00678";"PA-00371";2020-05-07 11:18:30;150
"PE-00679";"PE-00580";2020-05-07 11:18:30;720
"PE-00703";"PE-00672";2020-05-07 11:18:30;60
"PE-00622";"PE-00600";2020-05-07 11:19:00;420
"PE-00580";"PE-00576";2020-05-07 11:19:30;120
"PE-00605";"PA-00376";2020-05-07 11:19:30;480
"PE-00676";"PE-00588";2020-05-07 11:19:30;390
"PE-00682";"PE-00600";2020-05-07 11:20:00;210
"PE-00580";"PE-00615";2020-05-07 11:21:00;240
"PE-00685";"PE-00620";2020-05-07 11:21:00;180
"PE-00587";"PE-00574";2020-05-07 11:21:30;30
"PE-00591";"PE-00574";2020-05-07 11:21:30;60
"PE-00705";"PE-00580";2020-05-07 11:22:00;270
"PE-00679";"PE-00564";2020-05-07 11:23:00;1260
"PE-00610";"PA-00371";2020-05-07 11:24:00;780
"PE-00715";"PA-00369";2020-05-07 11:50:00;1020
"PE-00616";"PE-00585";2020-05-07 11:25:00;180
"PE-00621";"PE-00594";2020-05-07 11:25:00;60
"PA-00382";"PE-00569";2020-05-07 11:26:00;1380
"PE-00610";"PA-00366";2020-05-07 11:26:30;150
"PE-00621";"PE-00580";2020-05-07 11:26:30;1080
"PE-00585";"PE-00624";2020-05-07 11:28:00;1260
"PE-00675";"PE-00580";2020-05-07 11:28:00;180
"PE-00678";"PE-00564";2020-05-07 11:28:00;630
"PE-00615";"PE-00580";2020-05-07 11:29:00;450
"PE-00564";"PE-00592";2020-05-07 11:29:30;90
"PE-00578";"PE-00624";2020-05-07 11:29:30;180
"PA-00373";"PE-00588";2020-05-07 11:30:30;2520
"PE-00623";"PE-00563";2020-05-07 11:30:30;150
"PE-00591";"PE-00569";2020-05-07 11:31:00;210
"PE-00679";"PE-00700";2020-05-07 11:31:00;1020
"PE-00644";"PE-00686";2020-05-07 11:33:00;180
"PE-00673";"PE-00708";2020-05-07 11:33:00;120
"PE-00620";"PA-00371";2020-05-07 11:33:30;420
"PE-00671";"PE-00580";2020-05-07 11:33:30;240
"PA-00366";"PE-00563";2020-05-07 11:34:00;240
"PE-00591";"PA-00368";2020-05-07 11:34:30;930
"PE-00588";"PE-00563";2020-05-07 11:35:30;60
"PA-00374";"PE-00564";2020-05-07 11:35:30;420
"PE-00569";"PE-00589";2020-05-07 11:39:30;90
"PE-00596";"PA-00366";2020-05-07 11:39:30;330
"PE-00620";"PE-00670";2020-05-07 11:39:30;240
"PE-00679";"PE-00685";2020-05-07 11:39:30;150
"PE-00587";"PE-00569";2020-05-07 11:40:00;120
"PE-00595";"PE-00592";2020-05-07 11:40:00;210
"PE-00705";"PE-00711";2020-05-07 11:40:00;1050
"PE-00707";"PE-00569";2020-05-07 11:41:30;270
"PE-00634";"PE-00574";2020-05-07 11:51:00;330
"PE-00576";"PE-00596";2020-05-07 11:43:00;120
"PE-00673";"PE-00713";2020-05-07 11:45:00;120
"PE-00588";"PA-00368";2020-05-07 11:45:00;3030
"PE-00700";"PA-00365";2020-05-07 11:45:00;690
"PE-00703";"PE-00705";2020-05-07 11:45:00;360
"PE-00707";"PE-00697";2020-05-07 11:45:00;180
"PE-00623";"PA-00366";2020-05-07 11:45:30;450
"PE-00708";"PA-00372";2020-05-07 11:45:30;120
"PE-00599";"PE-00676";2020-05-07 11:46:30;60
"PE-00692";"PE-00621";2020-05-07 11:50:00;210
"PE-00564";"PE-00697";2020-05-07 11:47:30;330
"PE-00592";"PE-00620";2020-05-07 11:48:00;300
"PE-00622";"PE-00620";2020-05-07 11:48:00;510
"PE-00585";"PE-00611";2020-05-07 11:48:30;330
"PA-00370";"PE-00578";2020-05-07 11:49:00;720
"PA-00370";"PE-00599";2020-05-07 11:49:00;2610
"PE-00610";"PE-00623";2020-05-07 11:49:00;90
"PE-00585";"PE-00700";2020-05-07 11:49:30;180
"PE-00694";"PA-00374";2020-05-07 11:51:00;1680
"PE-00569";"PE-00563";2020-05-07 11:50:00;120
"PE-00694";"PE-00634";2020-05-07 11:51:00;150
"PE-00709";"PE-00576";2020-05-07 11:50:00;60
"PE-00589";"PE-00620";2020-05-07 11:51:30;180
"PE-00672";"PE-00620";2020-05-07 11:52:00;60
"PE-00676";"PE-00563";2020-05-07 11:52:00;60
"PA-00365";"PE-00595";2020-05-07 11:52:30;600
"PE-00592";"PE-00585";2020-05-07 11:52:30;90
"PE-00670";"PE-00697";2020-05-07 11:53:00;180
"PE-00576";"PE-00676";2020-05-07 11:53:30;330
"PE-00705";"PE-00585";2020-05-07 11:54:00;150
"PE-00615";"PE-00589";2020-05-07 11:54:30;1080
"PE-00624";"PE-00580";2020-05-07 11:54:30;510
"PE-00580";"PE-00589";2020-05-07 11:55:00;210
"PE-00615";"PE-00585";2020-05-07 11:55:00;870
"PE-00620";"PE-00711";2020-05-07 11:55:00;120
"PE-00623";"PE-00589";2020-05-07 11:55:00;360
"PE-00592";"PE-00682";2020-05-07 11:55:30;540
"PE-00696";"PE-00578";2020-05-07 11:55:30;270
"PE-00622";"PE-00580";2020-05-07 11:56:00;510
"PE-00702";"PE-00574";2020-05-07 11:56:00;90
"PE-00564";"PE-00694";2020-05-07 11:56:30;360
"PE-00605";"PE-00634";2020-05-07 11:56:30;300
"PE-00578";"PE-00563";2020-05-07 11:57:00;570
"PE-00599";"PE-00578";2020-05-07 11:57:00;120
"PE-00602";"PE-00594";2020-05-07 11:57:30;510
"PE-00611";"PE-00615";2020-05-07 11:57:30;870
"PE-00578";"PE-00574";2020-05-07 11:58:30;180
"PE-00694";"PE-00620";2020-05-07 11:59:00;60
"PE-00605";"PE-00615";2020-05-07 11:59:30;90
"PE-00692";"PA-00381";2020-05-07 11:59:30;420
"PE-00708";"PE-00574";2020-05-07 11:59:30;30
"PE-00708";"PE-00563";2020-05-07 11:59:30;30
"PE-00634";"PA-00372";2020-05-07 12:00:00;1290
"PE-00692";"PA-00370";2020-05-07 12:00:00;1860
"PA-00379";"PE-00611";2020-05-07 12:00:30;120
"PE-00589";"PE-00624";2020-05-07 12:01:00;510
"PE-00696";"PE-00574";2020-05-07 12:01:00;570
"PE-00699";"PE-00693";2020-05-07 12:01:00;720
"PA-00373";"PE-00588";2020-05-07 12:01:30;630
"PE-00623";"PE-00682";2020-05-07 12:01:30;60
"PE-00634";"PE-00578";2020-05-07 12:01:30;90
"PE-00694";"PA-00366";2020-05-07 12:01:30;300
"PE-00694";"PE-00616";2020-05-07 12:02:00;390
"PE-00701";"PE-00616";2020-05-07 12:02:30;390
"PE-00585";"PE-00580";2020-05-07 12:03:00;870
"PE-00595";"PE-00591";2020-05-07 12:03:30;150
"PE-00678";"PE-00621";2020-05-07 12:03:30;90
"PE-00687";"PE-00679";2020-05-07 12:03:30;990
"PE-00574";"PE-00696";2020-05-07 12:04:00;1260
"PE-00563";"PE-00599";2020-05-07 12:04:00;270
"PE-00580";"PE-00615";2020-05-07 12:04:00;30
"PE-00699";"PE-00594";2020-05-07 12:04:00;90
"PE-00699";"PE-00687";2020-05-07 12:04:00;210
"PE-00578";"PA-00368";2020-05-07 12:04:30;1590
"PA-00381";"PE-00563";2020-05-07 12:04:30;1050
"PE-00696";"PE-00578";2020-05-07 12:05:00;60
"PE-00563";"PE-00578";2020-05-07 12:05:30;300
"PE-00589";"PE-00682";2020-05-07 12:05:30;360
"PE-00592";"PE-00580";2020-05-07 12:06:00;360
"PE-00615";"PE-00705";2020-05-07 12:06:00;780
"PE-00594";"PA-00376";2020-05-07 12:06:30;300
"PE-00616";"PA-00372";2020-05-07 12:06:30;1200
"PE-00564";"PE-00616";2020-05-07 12:07:00;330
"PE-00611";"PE-00574";2020-05-07 12:07:00;540
"PE-00644";"PE-00564";2020-05-07 12:07:00;360
"PE-00702";"PE-00696";2020-05-07 12:07:00;210
"PE-00623";"PE-00711";2020-05-07 12:07:30;120
"PE-00594";"PA-00369";2020-05-07 12:08:30;1980
"PE-00670";"PE-00624";2020-05-07 12:08:30;480
"PA-00373";"PE-00675";2020-05-07 12:10:00;4890
"PE-00621";"PE-00580";2020-05-07 12:10:00;360
"PE-00675";"PE-00574";2020-05-07 12:12:00;90
"PE-00711";"PE-00564";2020-05-07 12:12:00;180
"PE-00622";"PE-00621";2020-05-07 12:12:30;210
"PE-00694";"PE-00676";2020-05-07 12:13:00;300
"PE-00682";"PE-00622";2020-05-07 12:13:30;540
"PE-00679";"PE-00585";2020-05-07 12:14:00;210
"PE-00585";"PE-00679";2020-05-07 12:14:30;240
"PE-00592";"PE-00600";2020-05-07 12:14:30;240
"PE-00642";"PA-00371";2020-05-07 12:14:30;9750
"PE-00682";"PE-00580";2020-05-07 12:14:30;1830
"PE-00616";"PE-00595";2020-05-07 12:15:00;450
"PE-00678";"PA-00376";2020-05-07 12:15:30;2670
"PE-00594";"PE-00699";2020-05-07 12:16:00;2010
"PE-00676";"PE-00564";2020-05-07 12:16:30;90
"PE-00564";"PE-00675";2020-05-07 12:17:00;540
"PE-00675";"PE-00564";2020-05-07 12:17:30;390
"PE-00694";"PA-00374";2020-05-07 12:17:30;1260
"PE-00634";"PE-00599";2020-05-07 12:18:00;270
"PE-00678";"PE-00574";2020-05-07 12:18:00;420
"PE-00588";"PE-00589";2020-05-07 12:18:30;150
"PA-00370";"PE-00595";2020-05-07 12:19:00;240
"PE-00610";"PE-00678";2020-05-07 12:20:00;210
"PE-00574";"PA-00382";2020-05-07 12:20:30;270
"PE-00600";"PE-00711";2020-05-07 12:21:00;90
"PA-00374";"PE-00637";2020-05-07 12:27:00;1110
"PE-00670";"PE-00564";2020-05-07 12:21:00;90
"PE-00678";"PE-00564";2020-05-07 12:21:00;30
"PE-00675";"PE-00647";2020-05-07 12:21:30;150
"PE-00591";"PE-00695";2020-05-07 12:22:00;420
"PA-00379";"PE-00679";2020-05-07 12:22:00;60
"PA-00372";"PE-00563";2020-05-07 12:22:30;480
"PE-00594";"PE-00602";2020-05-07 12:22:30;570
"PE-00672";"PE-00602";2020-05-07 12:22:30;240
"PE-00682";"PE-00589";2020-05-07 12:22:30;150
"PE-00694";"PE-00642";2020-05-07 12:22:30;630
"PA-00370";"PE-00644";2020-05-07 12:23:00;1020
"PE-00594";"PE-00574";2020-05-07 12:23:30;90
"PE-00591";"PA-00371";2020-05-07 12:23:30;900
"PE-00602";"PE-00594";2020-05-07 12:23:30;630
"PE-00621";"PE-00589";2020-05-07 12:23:30;390
"PA-00378";"PE-00578";2020-05-07 12:23:30;1050
"PE-00678";"PE-00692";2020-05-07 12:23:30;270
"PE-00672";"PE-00563";2020-05-07 12:24:00;300
"PE-00711";"PE-00624";2020-05-07 12:24:00;480
"PE-00694";"PE-00578";2020-05-07 12:24:30;60
"PE-00622";"PE-00585";2020-05-07 12:25:00;510
"PA-00378";"PE-00715";2020-05-07 12:25:00;2100
"PE-00578";"PA-00378";2020-05-07 12:25:30;600
"PA-00378";"PE-00563";2020-05-07 12:26:00;570
"PE-00611";"PE-00711";2020-05-07 12:26:30;1260
"PE-00583";"PE-00564";2020-05-07 12:27:00;780
"PE-00595";"PE-00578";2020-05-07 12:28:00;210
"PE-00602";"PE-00563";2020-05-07 12:28:30;660
"PE-00644";"PE-00622";2020-05-07 12:28:30;150
"PE-00621";"PE-00585";2020-05-07 12:30:00;90
"PA-00374";"PE-00595";2020-05-07 12:31:30;360
"PE-00682";"PE-00610";2020-05-07 12:31:30;510
"PE-00715";"PE-00599";2020-05-07 12:31:30;600
"PA-00376";"PE-00594";2020-05-07 12:32:30;390
"PE-00622";"PE-00682";2020-05-07 12:33:00;540
"PA-00366";"PE-00583";2020-05-07 12:34:00;2160
"PE-00580";"PA-00368";2020-05-07 12:34:30;510
"PE-00615";"PE-00589";2020-05-07 12:34:30;690
"PE-00616";"PE-00647";2020-05-07 12:35:00;660
"PE-00616";"PE-00694";2020-05-07 12:35:00;270
"PA-00368";"PE-00595";2020-05-07 12:35:30;240
"PE-00563";"PE-00588";2020-05-07 12:36:00;270
"PE-00595";"PE-00588";2020-05-07 12:36:00;300
"PE-00621";"PE-00711";2020-05-07 12:36:30;420
"PE-00594";"PE-00623";2020-05-07 12:37:00;300
"PE-00687";"PE-00591";2020-05-07 12:37:30;630
"PE-00711";"PE-00580";2020-05-07 12:37:30;1200
"PE-00715";"PE-00701";2020-05-07 12:38:30;150
"PE-00591";"PA-00368";2020-05-07 12:39:00;720
"PE-00713";"PE-00600";2020-05-07 12:39:00;240
"PE-00694";"PE-00564";2020-05-07 12:39:30;330
"PE-00615";"PE-00696";2020-05-07 12:40:00;90
"PE-00585";"PE-00711";2020-05-07 12:40:30;420
"PE-00599";"PE-00637";2020-05-07 12:41:00;600
"PE-00715";"PA-00369";2020-05-07 12:41:30;930
"PE-00624";"PA-00370";2020-05-07 12:42:00;2010
"PA-00372";"PE-00711";2020-05-07 12:43:00;60
"PA-00376";"PE-00682";2020-05-07 12:43:00;120
"PE-00616";"PE-00634";2020-05-07 12:43:00;270
"PA-00372";"PE-00616";2020-05-07 12:43:30;540
"PE-00589";"PE-00679";2020-05-07 12:43:30;540
"PE-00589";"PE-00580";2020-05-07 12:43:30;420
"PA-00374";"PE-00564";2020-05-07 12:43:30;90
"PA-00372";"PE-00610";2020-05-07 12:44:30;180
"PA-00374";"PE-00563";2020-05-07 12:44:30;930
"PE-00611";"PA-00370";2020-05-07 12:44:30;180
"PE-00600";"PE-00580";2020-05-07 12:45:30;390
"PE-00615";"PE-00585";2020-05-07 12:45:30;510
"PA-00378";"PE-00583";2020-05-07 12:45:30;450
"PE-00682";"PE-00592";2020-05-07 12:45:30;60
"PE-00634";"PE-00701";2020-05-07 12:46:00;1770
"PE-00637";"PE-00687";2020-05-07 12:46:00;1080
"PA-00382";"PE-00595";2020-05-07 12:46:30;1800
"PE-00622";"PE-00580";2020-05-07 12:47:30;2040
"PE-00589";"PE-00585";2020-05-07 12:48:00;420
"PE-00682";"PE-00585";2020-05-07 12:48:00;2610
"PE-00713";"PE-00695";2020-05-07 12:48:00;210
"PE-00642";"PE-00595";2020-05-07 12:48:30;330
"PE-00715";"PE-00623";2020-05-07 12:48:30;300
"PE-00623";"PA-00370";2020-05-07 12:49:00;150
"PE-00624";"PE-00580";2020-05-07 12:49:30;600
"PE-00678";"PA-00371";2020-05-07 12:49:30;270
"PE-00591";"PE-00634";2020-05-07 12:50:00;180
"PE-00682";"PE-00600";2020-05-07 12:50:00;180
"PE-00591";"PE-00595";2020-05-07 12:50:30;210
"PE-00595";"PE-00563";2020-05-07 12:50:30;180
"PA-00373";"PE-00692";2020-05-07 12:50:30;390
"PE-00595";"PE-00592";2020-05-07 12:51:30;210
"PE-00687";"PE-00699";2020-05-07 12:51:30;120
"PE-00610";"PE-00711";2020-05-07 12:52:00;480
"PE-00600";"PE-00624";2020-05-07 12:52:30;30
"PE-00644";"PE-00637";2020-05-07 12:53:00;30
"PE-00615";"PE-00580";2020-05-07 12:54:00;720
"PE-00679";"PE-00580";2020-05-07 12:54:00;330
"PE-00616";"PE-00623";2020-05-07 12:54:30;60
"PE-00693";"PE-00699";2020-05-07 12:54:30;30
"PA-00373";"PE-00602";2020-05-07 12:55:30;1260
"PE-00591";"PA-00372";2020-05-07 12:56:00;270
"PE-00675";"PE-00701";2020-05-07 12:56:00;420
"PE-00694";"PE-00591";2020-05-07 12:56:00;1050
"PE-00705";"PE-00589";2020-05-07 12:56:00;1530
"PE-00705";"PE-00624";2020-05-07 12:57:00;540
"PA-00369";"PE-00583";2020-05-07 12:57:30;510
"PA-00376";"PE-00580";2020-05-07 12:57:30;60
"PE-00694";"PE-00634";2020-05-07 12:58:30;480
"PA-00370";"PE-00588";2020-05-07 12:59:30;30
"PA-00376";"PE-00637";2020-05-07 12:59:30;180
"PE-00694";"PE-00616";2020-05-07 13:00:00;60
"PE-00589";"PE-00580";2020-05-07 13:00:30;120
"PE-00594";"PE-00602";2020-05-07 13:00:30;270
"PA-00376";"PE-00591";2020-05-07 13:00:30;510
"PE-00615";"PA-00369";2020-05-07 13:00:30;1320
"PE-00637";"PE-00599";2020-05-07 13:00:30;540
"PE-00644";"PE-00607";2020-05-07 13:03:00;540
"PE-00637";"PE-00611";2020-05-07 13:01:00;60
"PA-00382";"PE-00624";2020-05-07 13:01:00;180
"PE-00705";"PE-00592";2020-05-07 13:01:00;420
"PE-00615";"PE-00602";2020-05-07 13:01:30;450
"PE-00713";"PE-00695";2020-05-07 13:01:30;270
"PE-00589";"PE-00615";2020-05-07 13:02:00;780
"PE-00594";"PE-00595";2020-05-07 13:02:00;120
"PE-00595";"PE-00594";2020-05-07 13:02:00;450
"PA-00382";"PE-00594";2020-05-07 13:02:30;480
"PE-00616";"PE-00585";2020-05-07 13:03:00;930
"PE-00585";"PE-00583";2020-05-07 13:04:00;120
"PE-00616";"PE-00594";2020-05-07 13:04:00;300
"PE-00621";"PE-00583";2020-05-07 13:04:00;90
"PE-00692";"PE-00599";2020-05-07 13:04:00;810
"PE-00591";"PE-00583";2020-05-07 13:06:00;150
"PE-00694";"PE-00634";2020-05-07 13:06:00;2280
"PE-00705";"PE-00620";2020-05-07 13:06:00;1110
"PA-00366";"PE-00595";2020-05-07 13:06:30;600
"PE-00717";"PE-00583";2020-05-07 13:17:00;330
"PE-00585";"PE-00595";2020-05-07 13:07:00;690
"PA-00373";"PE-00701";2020-05-07 13:07:00;840
"PE-00687";"PE-00591";2020-05-07 13:07:00;120
"PE-00623";"PE-00589";2020-05-07 13:07:30;120
"PE-00704";"PE-00599";2020-05-07 13:14:00;2580
"PE-00592";"PE-00580";2020-05-07 13:09:00;300
"PE-00692";"PE-00602";2020-05-07 13:09:30;270
"PA-00371";"PE-00695";2020-05-07 13:10:00;780
"PA-00365";"PE-00687";2020-05-07 13:11:00;270
"PE-00694";"PE-00637";2020-05-07 13:12:00;630
"PE-00642";"PE-00595";2020-05-07 13:12:30;2310
"PE-00687";"PE-00679";2020-05-07 13:12:30;90
"PE-00623";"PE-00717";2020-05-07 13:17:00;90
"PE-00589";"PE-00624";2020-05-07 13:14:30;510
"PA-00376";"PE-00594";2020-05-07 13:15:00;270
"PE-00696";"PE-00580";2020-05-07 13:15:00;210
"PE-00696";"PE-00637";2020-05-07 13:15:30;210
"PE-00592";"PA-00381";2020-05-07 13:16:00;1590
"PE-00602";"PE-00607";2020-05-07 13:16:30;90
"PE-00620";"PA-00368";2020-05-07 13:17:00;1380
"PE-00583";"PE-00623";2020-05-07 13:17:30;60
"PA-00366";"PE-00687";2020-05-07 13:18:00;1200
"PE-00647";"PA-00370";2020-05-07 13:18:00;1260
"PE-00611";"PA-00370";2020-05-07 13:18:30;540
"PE-00713";"PE-00704";2020-05-07 13:18:30;210
"PE-00642";"PE-00599";2020-05-07 13:19:00;60
"PE-00602";"PE-00594";2020-05-07 13:19:30;6030
"PE-00620";"PE-00696";2020-05-07 13:19:30;180
"PE-00634";"PE-00713";2020-05-07 13:20:30;450
"PE-00704";"PE-00634";2020-05-07 13:20:30;330
"PE-00592";"PE-00585";2020-05-07 13:21:00;720
"PE-00611";"PE-00585";2020-05-07 13:21:00;420
"PE-00624";"PE-00580";2020-05-07 13:21:30;540
"PE-00696";"PE-00647";2020-05-07 13:21:30;390
"PA-00372";"PE-00616";2020-05-07 13:22:00;180
"PE-00589";"PA-00379";2020-05-07 13:23:30;480
"PE-00704";"PA-00379";2020-05-07 13:23:30;3090
"PE-00592";"PA-00365";2020-05-07 13:24:00;510
"PE-00616";"PE-00583";2020-05-07 13:24:00;60
"PA-00378";"PE-00647";2020-05-07 13:24:00;660
"PE-00594";"PE-00647";2020-05-07 13:24:30;480
"PE-00615";"PE-00580";2020-05-07 13:24:30;1710
"PE-00622";"PE-00647";2020-05-07 13:25:00;60
"PE-00713";"PE-00634";2020-05-07 13:25:00;180
"PE-00599";"PE-00606";2020-05-07 13:27:00;1380
"PE-00634";"PE-00595";2020-05-07 13:27:30;150
"PE-00637";"PE-00696";2020-05-07 13:27:30;120
"PE-00715";"PE-00696";2020-05-07 13:28:00;1380
"PE-00624";"PA-00381";2020-05-07 13:28:30;270
"PA-00370";"PE-00595";2020-05-07 13:29:00;690
"PE-00583";"PE-00606";2020-05-07 13:29:00;270
"PE-00592";"PE-00594";2020-05-07 13:30:00;90
"PE-00602";"PE-00687";2020-05-07 13:30:00;6660
"PE-00599";"PE-00637";2020-05-07 13:30:00;720
"PA-00378";"PE-00592";2020-05-07 13:31:00;720
"PA-00366";"PE-00583";2020-05-07 13:31:30;420
"PA-00379";"PE-00595";2020-05-07 13:31:30;240
"PE-00642";"PE-00616";2020-05-07 13:31:30;780
"PE-00705";"PE-00589";2020-05-07 13:31:30;150
"PE-00692";"PE-00694";2020-05-07 13:32:00;1620
"PE-00622";"PE-00580";2020-05-07 13:32:30;360
"PE-00704";"PE-00713";2020-05-07 13:32:30;390
"PE-00599";"PE-00692";2020-05-07 13:33:30;1140
"PE-00602";"PE-00647";2020-05-07 13:34:00;1080
"PE-00634";"PE-00642";2020-05-07 13:34:00;150
"PE-00602";"PE-00693";2020-05-07 13:34:30;180
"PE-00623";"PE-00704";2020-05-07 13:35:00;60
"PE-00623";"PE-00583";2020-05-07 13:35:30;540
"PE-00602";"PE-00637";2020-05-07 13:36:30;60
"PE-00637";"PE-00583";2020-05-07 13:36:30;150
"PE-00704";"PE-00715";2020-05-07 13:36:30;120
"PE-00585";"PE-00634";2020-05-07 13:37:00;1890
"PE-00622";"PE-00642";2020-05-07 13:37:30;570
"PE-00692";"PE-00580";2020-05-07 13:38:00;120
"PE-00589";"PA-00382";2020-05-07 13:38:30;1170
"PA-00374";"PE-00583";2020-05-07 13:38:30;1770
"PE-00583";"PE-00591";2020-05-07 13:39:00;60
"PE-00585";"PE-00717";2020-05-07 13:39:00;3420
"PA-00373";"PE-00634";2020-05-07 13:39:30;810
"PE-00705";"PE-00580";2020-05-07 13:39:30;840
"PE-00616";"PE-00591";2020-05-07 13:40:00;360
"PE-00623";"PE-00580";2020-05-07 13:40:00;300
"PE-00634";"PE-00693";2020-05-07 13:40:30;420
"PE-00595";"PE-00622";2020-05-07 13:43:00;60
"PE-00599";"PE-00591";2020-05-07 13:43:00;390
"PE-00583";"PE-00717";2020-05-07 13:43:30;150
"PE-00585";"PE-00616";2020-05-07 13:44:00;720
"PE-00591";"PE-00595";2020-05-07 13:44:00;90
"PE-00592";"PE-00679";2020-05-07 13:45:00;540
"PE-00600";"PE-00580";2020-05-07 13:45:30;900
"PE-00600";"PE-00595";2020-05-07 13:45:30;210
"PE-00620";"PE-00592";2020-05-07 13:45:30;240
"PE-00692";"PE-00713";2020-05-07 13:46:00;960
"PE-00694";"PE-00589";2020-05-07 13:46:30;450
"PE-00585";"PE-00637";2020-05-07 13:47:00;420
"PE-00679";"PE-00580";2020-05-07 13:47:00;750
"PA-00376";"PE-00602";2020-05-07 13:47:30;1290
"PE-00715";"PE-00701";2020-05-07 13:47:30;240
"PA-00371";"PE-00694";2020-05-07 13:48:30;3000
"PE-00623";"PE-00591";2020-05-07 13:49:00;660
"PA-00382";"PE-00642";2020-05-07 13:49:00;2730
"PE-00592";"PE-00595";2020-05-07 13:49:30;1110
"PE-00624";"PE-00602";2020-05-07 13:50:00;810
"PA-00373";"PE-00583";2020-05-07 13:50:30;390
"PE-00621";"PE-00616";2020-05-07 13:50:30;420
"PE-00580";"PA-00368";2020-05-07 13:51:00;570
"PE-00682";"PE-00622";2020-05-07 13:51:00;780
"PE-00704";"PE-00647";2020-05-07 13:51:00;210
"PE-00602";"PE-00606";2020-05-07 13:51:30;210
"PE-00687";"PE-00595";2020-05-07 13:51:30;390
"PE-00580";"PE-00694";2020-05-07 13:52:00;600
"PE-00620";"PE-00606";2020-05-07 13:52:00;390
"PE-00616";"PE-00694";2020-05-07 13:53:00;210
"PA-00371";"PE-00583";2020-05-07 13:53:30;600
"PE-00594";"PE-00616";2020-05-07 13:53:30;90
"PE-00713";"PA-00370";2020-05-07 13:53:30;1170
"PE-00634";"PA-00368";2020-05-07 13:54:00;3630
"PE-00580";"PE-00589";2020-05-07 13:54:30;210
"PA-00366";"PE-00589";2020-05-07 13:54:30;300
"PE-00620";"PA-00371";2020-05-07 13:54:30;1200
"PE-00621";"PE-00580";2020-05-07 13:55:00;240
"PA-00381";"PE-00642";2020-05-07 13:55:00;720
"PE-00705";"PE-00585";2020-05-07 13:55:30;270
"PE-00679";"PE-00705";2020-05-07 13:56:00;300
"PA-00365";"PE-00696";2020-05-07 13:57:00;660
"PE-00585";"PE-00620";2020-05-07 13:58:00;360
"PE-00634";"PE-00591";2020-05-07 13:58:00;120
"PE-00704";"PE-00716";2020-05-07 13:58:30;90
"PE-00634";"PE-00644";2020-05-07 13:59:00;240
"PA-00369";"PE-00615";2020-05-07 14:00:00;480
"PE-00637";"PE-00600";2020-05-07 14:00:00;270
"PA-00365";"PE-00606";2020-05-07 14:00:30;120
"PE-00580";"PE-00585";2020-05-07 14:01:00;660
"PE-00602";"PE-00694";2020-05-07 14:01:00;90
"PE-00606";"PE-00679";2020-05-07 14:01:00;240
"PE-00695";"PE-00583";2020-05-07 14:01:00;30
"PE-00717";"PE-00644";2020-05-07 14:01:00;90
"PE-00634";"PE-00595";2020-05-07 14:02:00;270
"PE-00637";"PE-00599";2020-05-07 14:02:00;420
"PE-00701";"PE-00589";2020-05-07 14:02:00;180
"PE-00589";"PE-00706";2020-05-07 14:02:30;150
"PE-00606";"PE-00602";2020-05-07 14:02:30;660
"PA-00368";"PE-00634";2020-05-07 14:03:00;360
"PA-00368";"PE-00594";2020-05-07 14:03:30;600
"PA-00369";"PE-00583";2020-05-07 14:03:30;750
"PE-00602";"PE-00607";2020-05-07 14:03:30;30
"PE-00599";"PE-00606";2020-05-07 14:03:30;90
"PE-00589";"PE-00606";2020-05-07 14:04:00;90
"PA-00365";"PE-00599";2020-05-07 14:05:00;240
"PE-00606";"PA-00365";2020-05-07 14:05:00;900
"PE-00611";"PE-00585";2020-05-07 14:05:00;360
"PE-00595";"PE-00687";2020-05-07 14:05:30;870
"PE-00644";"PA-00376";2020-05-07 14:05:30;420
"PA-00371";"PE-00693";2020-05-07 14:06:00;600
"PA-00366";"PE-00594";2020-05-07 14:06:30;300
"PE-00594";"PE-00717";2020-05-07 14:06:30;330
"PE-00637";"PE-00611";2020-05-07 14:06:30;60
"PE-00607";"PE-00687";2020-05-07 14:07:00;390
"PE-00679";"PE-00706";2020-05-07 14:07:00;2430
"PE-00599";"PE-00647";2020-05-07 14:07:30;240
"PE-00706";"PE-00637";2020-05-07 14:07:30;330
"PE-00706";"PE-00711";2020-05-07 14:08:00;660
"PE-00611";"PE-00701";2020-05-07 14:08:30;60
"PE-00620";"PE-00595";2020-05-07 14:08:30;90
"PE-00594";"PE-00595";2020-05-07 14:09:00;210
"PE-00696";"PE-00637";2020-05-07 14:09:00;660
"PE-00599";"PE-00583";2020-05-07 14:10:00;60
"PE-00716";"PE-00650";2020-05-07 14:10:00;120
"PE-00701";"PE-00715";2020-05-07 14:10:30;240
"PE-00580";"PE-00600";2020-05-07 14:11:00;150
"PE-00583";"PE-00580";2020-05-07 14:11:30;60
"PA-00366";"PE-00642";2020-05-07 14:11:30;720
"PE-00594";"PE-00704";2020-05-07 14:11:30;90
"PA-00379";"PE-00716";2020-05-07 14:11:30;870
"PE-00706";"PE-00585";2020-05-07 14:12:00;120
"PE-00585";"PE-00583";2020-05-07 14:12:30;180
"PE-00615";"PE-00580";2020-05-07 14:12:30;570
"PE-00695";"PE-00585";2020-05-07 14:12:30;540
"PE-00715";"PE-00607";2020-05-07 14:12:30;600
"PA-00365";"PE-00607";2020-05-07 14:13:00;3630
"PE-00637";"PE-00644";2020-05-07 14:13:00;690
"PE-00642";"PE-00704";2020-05-07 14:13:00;330
"PE-00701";"PE-00704";2020-05-07 14:13:00;1110
"PE-00600";"PE-00615";2020-05-07 14:14:00;150
"PE-00589";"PE-00623";2020-05-07 14:15:00;540
"PE-00715";"PE-00602";2020-05-07 14:15:00;150
"PE-00607";"PE-00599";2020-05-07 14:15:30;90
"PE-00713";"PE-00606";2020-05-07 14:16:00;90
"PE-00580";"PE-00642";2020-05-07 14:17:00;60
"PA-00370";"PE-00716";2020-05-07 14:17:30;720
"PE-00595";"PE-00589";2020-05-07 14:17:30;90
"PA-00373";"PE-00634";2020-05-07 14:17:30;1260
"PE-00634";"PE-00606";2020-05-07 14:17:30;1680
"PE-00642";"PE-00585";2020-05-07 14:17:30;120
"PE-00701";"PE-00634";2020-05-07 14:17:30;150
"PE-00705";"PE-00585";2020-05-07 14:18:00;330
"PE-00589";"PE-00585";2020-05-07 14:19:00;960
"PA-00382";"PE-00594";2020-05-07 14:19:00;1980
"PA-00370";"PE-00715";2020-05-07 14:20:00;420
"PE-00599";"PE-00607";2020-05-07 14:21:00;30
"PA-00372";"PE-00634";2020-05-07 14:21:30;1530
"PE-00715";"PE-00634";2020-05-07 14:21:30;30
"PE-00713";"PE-00607";2020-05-07 14:22:00;270
"PE-00606";"PE-00583";2020-05-07 14:22:30;30
"PE-00716";"PE-00595";2020-05-07 14:23:00;540
"PE-00589";"PE-00634";2020-05-07 14:23:30;150
"PE-00622";"PE-00706";2020-05-07 14:23:30;210
"PE-00706";"PE-00606";2020-05-07 14:23:30;150
"PE-00622";"PE-00589";2020-05-07 14:24:30;480
"PE-00623";"PE-00580";2020-05-07 14:24:30;480
"PE-00699";"PE-00589";2020-05-07 14:24:30;300
"PE-00620";"PE-00706";2020-05-07 14:25:00;420
"PA-00372";"PE-00594";2020-05-07 14:25:30;1020
"PA-00379";"PE-00622";2020-05-07 14:27:00;240
"PE-00679";"PE-00711";2020-05-07 14:27:30;180
"PE-00644";"PE-00637";2020-05-07 14:28:00;60
"PE-00620";"PE-00589";2020-05-07 14:29:00;390
"PE-00644";"PE-00679";2020-05-07 14:29:00;210
"PE-00607";"PE-00695";2020-05-07 14:29:30;900
"PA-00370";"PE-00696";2020-05-07 14:31:00;2220
"PE-00611";"PE-00595";2020-05-07 14:31:00;60
"PE-00585";"PE-00611";2020-05-07 14:31:30;270
"PE-00687";"PE-00595";2020-05-07 14:32:00;120
"PE-00705";"PE-00580";2020-05-07 14:32:00;150
"PE-00622";"PE-00580";2020-05-07 14:32:30;60
"PE-00594";"PE-00693";2020-05-07 14:33:00;1620
"PE-00602";"PE-00580";2020-05-07 14:33:30;120
"PA-00382";"PE-00701";2020-05-07 14:35:00;210
"PE-00716";"PE-00623";2020-05-07 14:35:00;60
"PE-00595";"PE-00594";2020-05-07 14:35:30;60
"PE-00694";"PE-00580";2020-05-07 14:36:00;660
"PE-00695";"PE-00699";2020-05-07 14:36:00;30
"PA-00365";"PE-00595";2020-05-07 14:36:30;480
"PE-00580";"PE-00615";2020-05-07 14:37:00;420
"PE-00600";"PE-00580";2020-05-07 14:37:00;330
"PE-00637";"PE-00615";2020-05-07 14:37:00;90
"PA-00366";"PE-00687";2020-05-07 14:37:30;930
"PE-00693";"PE-00599";2020-05-07 14:37:30;30
"PE-00715";"PE-00701";2020-05-07 14:38:00;1020
"PA-00370";"PE-00637";2020-05-07 14:38:30;780
"PA-00379";"PE-00595";2020-05-07 14:38:30;540
"PE-00713";"PE-00634";2020-05-07 14:38:30;30
"PE-00679";"PE-00650";2020-05-07 14:40:30;90
"PE-00580";"PE-00650";2020-05-07 14:42:00;90
"PE-00705";"PE-00650";2020-05-07 14:42:00;420
"PE-00585";"PE-00706";2020-05-07 14:42:30;240
"PE-00607";"PE-00602";2020-05-07 14:43:00;1350
"PE-00647";"PE-00695";2020-05-07 14:43:00;480
"PE-00580";"PE-00589";2020-05-07 14:44:00;1110
"PE-00580";"PE-00620";2020-05-07 14:45:00;390
"PE-00600";"PA-00371";2020-05-07 14:45:00;150
"PE-00687";"PE-00694";2020-05-07 14:45:00;30
"PE-00642";"PE-00711";2020-05-07 14:46:00;90
"PA-00369";"PE-00693";2020-05-07 14:46:30;870
"PA-00382";"PE-00650";2020-05-07 14:46:30;660
"PE-00589";"PE-00692";2020-05-07 14:47:00;150
"PE-00716";"PE-00647";2020-05-07 14:47:00;270
"PE-00599";"PE-00637";2020-05-07 14:47:30;60
"PE-00637";"PE-00717";2020-05-07 14:47:30;480
"PE-00696";"PE-00606";2020-05-07 14:47:30;90
"PE-00716";"PE-00644";2020-05-07 14:48:00;30
"PA-00366";"PE-00595";2020-05-07 14:49:00;660
"PA-00369";"PE-00602";2020-05-07 14:49:00;780
"PE-00602";"PE-00606";2020-05-07 14:49:00;150
"PE-00611";"PE-00706";2020-05-07 14:49:00;240
"PE-00705";"PE-00589";2020-05-07 14:49:00;1380
"PE-00711";"PE-00650";2020-05-07 14:49:30;390
"PE-00589";"PE-00701";2020-05-07 14:50:00;300
"PE-00607";"PE-00620";2020-05-07 14:50:00;210
"PE-00595";"PE-00634";2020-05-07 14:50:30;210
"PE-00599";"PE-00622";2020-05-07 14:50:30;390
"PE-00692";"PE-00599";2020-05-07 14:51:00;270
"PE-00611";"PE-00620";2020-05-07 14:51:30;360
"PE-00637";"PE-00585";2020-05-07 14:51:30;300
"PE-00600";"PE-00637";2020-05-07 14:52:00;420
"PE-00647";"PE-00594";2020-05-07 14:52:00;30
"PE-00699";"PE-00595";2020-05-07 14:52:30;330
"PE-00711";"PE-00607";2020-05-07 14:52:30;180
"PE-00622";"PE-00585";2020-05-07 14:53:00;90
"PE-00692";"PE-00696";2020-05-07 14:53:00;120
"PA-00371";"PE-00606";2020-05-07 14:55:00;540
"PE-00696";"PE-00599";2020-05-07 14:55:00;1200
"PA-00370";"PE-00580";2020-05-07 14:55:30;930
"PE-00647";"PE-00650";2020-05-07 14:55:30;540
"PA-00372";"PE-00704";2020-05-07 14:56:00;690
"PE-00634";"PE-00580";2020-05-07 14:56:00;60
"PA-00369";"PE-00606";2020-05-07 14:57:00;1890
"PE-00696";"PE-00607";2020-05-07 14:57:00;1290
"PE-00607";"PE-00634";2020-05-07 14:57:30;810
"PE-00687";"PE-00679";2020-05-07 14:57:30;150
"PE-00589";"PE-00615";2020-05-07 14:58:00;150
"PE-00679";"PE-00580";2020-05-07 14:58:00;780
"PA-00365";"PE-00647";2020-05-07 14:58:30;420
"PA-00373";"PE-00595";2020-05-07 14:58:30;90
"PE-00595";"PE-00642";2020-05-07 14:59:00;60
"PE-00706";"PE-00623";2020-05-07 14:59:00;270
"PA-00374";"PE-00713";2020-05-07 14:59:30;480
"PE-00711";"PE-00580";2020-05-07 14:59:30;270
"PE-00696";"PE-00602";2020-05-07 15:00:00;330
"PE-00692";"PE-00599";2020-05-07 15:01:00;390
"PE-00716";"PE-00623";2020-05-07 15:01:00;540
"PE-00717";"PE-00693";2020-05-07 15:01:00;300
"PE-00622";"PE-00693";2020-05-07 15:01:30;570
"PE-00694";"PE-00634";2020-05-07 15:01:30;510
"PE-00687";"PA-00369";2020-05-07 15:02:00;1230
"PE-00589";"PE-00615";2020-05-07 15:03:00;360
"PE-00599";"PE-00589";2020-05-07 15:03:00;180
"PA-00381";"PE-00599";2020-05-07 15:04:00;390
"PE-00717";"PE-00699";2020-05-07 15:04:30;780
"PE-00642";"PE-00599";2020-05-07 15:06:30;570
"PE-00589";"PE-00606";2020-05-07 15:07:00;60
"PA-00365";"PE-00606";2020-05-07 15:08:00;1140
"PE-00606";"PE-00602";2020-05-07 15:08:30;210
"PE-00706";"PE-00650";2020-05-07 15:09:00;60
"PE-00706";"PE-00713";2020-05-07 15:09:00;30
"PA-00371";"PE-00606";2020-05-07 15:09:30;1020
"PE-00679";"PE-00620";2020-05-07 15:09:30;240
"PA-00371";"PE-00715";2020-05-07 15:11:00;780
"PE-00699";"PE-00634";2020-05-07 15:11:00;450
"PA-00368";"PE-00634";2020-05-07 15:12:30;840
"PE-00713";"PA-00373";2020-05-07 15:12:30;1020
"PE-00704";"PE-00713";2020-05-07 15:13:00;1620
"PA-00373";"PE-00634";2020-05-07 15:13:30;1560
"PE-00695";"PE-00585";2020-05-07 15:13:30;90
"PE-00705";"PE-00634";2020-05-07 15:13:30;240
"PE-00706";"PE-00585";2020-05-07 15:13:30;630
"PE-00705";"PE-00585";2020-05-07 15:14:30;270
"PE-00623";"PE-00585";2020-05-07 15:15:30;510
"PA-00369";"PE-00715";2020-05-07 15:17:00;930
"PE-00623";"PE-00634";2020-05-07 15:17:00;540
"PE-00713";"PA-00370";2020-05-07 15:17:00;690
"PE-00622";"PE-00599";2020-05-07 15:17:30;60
"PE-00715";"PE-00679";2020-05-07 15:18:00;540
"PA-00372";"PE-00602";2020-05-07 15:18:30;420
"PE-00623";"PE-00589";2020-05-07 15:18:30;90
"PE-00692";"PE-00695";2020-05-07 15:18:30;1110
"PA-00379";"PE-00637";2020-05-07 15:19:00;1110
"PA-00379";"PE-00695";2020-05-07 15:19:00;960
"PE-00717";"PE-00615";2020-05-07 15:19:00;180
"PA-00376";"PE-00704";2020-05-07 15:20:00;150
"PE-00622";"PE-00585";2020-05-07 15:21:30;1140
"PE-00706";"PE-00634";2020-05-07 15:22:00;90
"PA-00381";"PE-00637";2020-05-07 15:22:30;510
"PE-00696";"PA-00371";2020-05-07 15:22:30;90
"PE-00687";"PA-00365";2020-05-07 15:23:00;900
"PE-00715";"PE-00642";2020-05-07 15:24:00;630
"PA-00374";"PE-00650";2020-05-07 15:24:30;120
"PE-00602";"PE-00606";2020-05-07 15:25:00;450
"PA-00379";"PE-00634";2020-05-07 15:25:00;720
"PE-00647";"PE-00602";2020-05-07 15:25:00;780
"PE-00704";"PE-00699";2020-05-07 15:25:30;120
"PE-00599";"PE-00687";2020-05-07 15:26:30;480
"PE-00695";"PE-00716";2020-05-07 15:27:00;120
"PE-00696";"PE-00693";2020-05-07 15:27:30;1050
"PE-00716";"PE-00647";2020-05-07 15:27:30;150
"PA-00370";"PE-00623";2020-05-07 15:28:00;240
"PA-00371";"PE-00716";2020-05-07 15:29:00;450
"PE-00694";"PE-00602";2020-05-07 15:29:00;180
"PE-00716";"PE-00607";2020-05-07 15:29:00;1740
"PA-00371";"PE-00634";2020-05-07 15:29:30;210
"PE-00650";"PE-00585";2020-05-07 15:30:00;330
"PE-00716";"PE-00715";2020-05-07 15:30:00;360
"PE-00705";"PE-00706";2020-05-07 15:30:30;270
"PE-00650";"PE-00615";2020-05-07 15:31:00;120
"PA-00368";"PE-00599";2020-05-07 15:32:00;480
"PE-00647";"PA-00365";2020-05-07 15:32:00;240
"PE-00615";"PE-00637";2020-05-07 15:32:30;30
"PE-00602";"PE-00585";2020-05-07 15:33:00;90
"PA-00381";"PE-00642";2020-05-07 15:34:00;1320
"PE-00716";"PE-00599";2020-05-07 15:34:00;1020
"PE-00717";"PE-00713";2020-05-07 15:34:00;750
"PE-00693";"PE-00699";2020-05-07 15:35:30;150
"PE-00687";"PE-00585";2020-05-07 15:36:00;450
"PE-00634";"PA-00374";2020-05-07 15:37:30;2340
"PE-00599";"PA-00381";2020-05-07 15:38:00;660
"PE-00606";"PE-00699";2020-05-07 15:38:00;540
"PE-00634";"PE-00705";2020-05-07 15:38:30;210
"PA-00370";"PE-00615";2020-05-07 15:39:00;1110
"PE-00692";"PE-00602";2020-05-07 15:39:00;90
"PE-00715";"PE-00650";2020-05-07 15:39:00;210
"PE-00704";"PE-00602";2020-05-07 15:42:00;360
"PE-00704";"PE-00692";2020-05-07 15:43:00;60
"PE-00642";"PE-00699";2020-05-07 15:43:30;300
"PE-00687";"PE-00713";2020-05-07 15:44:00;300
"PA-00370";"PE-00607";2020-05-07 15:45:00;1380
"PE-00711";"PE-00585";2020-05-07 15:47:30;300
"PE-00696";"PE-00642";2020-05-07 15:48:00;600
"PE-00717";"PE-00637";2020-05-07 15:48:00;420
"PA-00372";"PE-00717";2020-05-07 15:49:00;1020
"PE-00696";"PE-00615";2020-05-07 15:49:00;390
"PE-00695";"PE-00715";2020-05-07 15:49:30;1020
"PE-00585";"PA-00365";2020-05-07 15:50:00;840
"PE-00623";"PE-00704";2020-05-07 15:50:00;30
"PE-00637";"PE-00599";2020-05-07 15:50:00;330
"PA-00366";"PE-00705";2020-05-07 15:50:30;120
"PA-00376";"PE-00602";2020-05-07 15:51:30;540
"PE-00602";"PE-00607";2020-05-07 15:52:00;390
"PA-00372";"PE-00634";2020-05-07 15:53:00;750
"PE-00642";"PA-00368";2020-05-07 15:54:00;720
"PE-00713";"PE-00606";2020-05-07 15:54:00;420
"PE-00585";"PE-00615";2020-05-07 15:55:00;930
"PE-00687";"PE-00699";2020-05-07 15:55:30;1380
"PE-00716";"PE-00650";2020-05-07 15:55:30;270
"PA-00379";"PE-00585";2020-05-07 15:56:00;300
"PE-00622";"PE-00606";2020-05-07 15:56:30;60
"PE-00699";"PE-00585";2020-05-07 15:57:00;210
"PA-00378";"PE-00695";2020-05-07 16:00:00;660
"PA-00382";"PE-00713";2020-05-07 16:00:00;1020
"PE-00607";"PE-00602";2020-05-07 16:00:30;240
"PE-00602";"PA-00369";2020-05-07 16:01:00;3510
"PE-00637";"PA-00371";2020-05-07 16:01:00;1200
"PA-00381";"PE-00696";2020-05-07 16:01:00;1560
"PE-00615";"PE-00706";2020-05-07 16:02:00;450
"PE-00694";"PA-00378";2020-05-07 16:02:00;1650
"PE-00695";"PE-00602";2020-05-07 16:02:00;960
"PE-00699";"PE-00693";2020-05-07 16:02:00;60
"PA-00381";"PE-00692";2020-05-07 16:02:30;2640
"PE-00585";"PE-00615";2020-05-07 16:03:00;180
"PE-00696";"PE-00694";2020-05-07 16:03:00;750
"PE-00602";"PE-00606";2020-05-07 16:04:00;2070
"PE-00706";"PE-00585";2020-05-07 16:04:00;810
"PA-00381";"PE-00637";2020-05-07 16:05:00;900
"PA-00365";"PE-00634";2020-05-07 16:06:00;990
"PE-00637";"PE-00695";2020-05-07 16:07:30;270
"PE-00715";"PE-00599";2020-05-07 16:08:00;420
"PE-00622";"PE-00600";2020-05-07 16:09:30;870
"PE-00695";"PE-00717";2020-05-07 16:09:30;90
"PE-00600";"PE-00695";2020-05-07 16:10:30;90
"PE-00715";"PE-00717";2020-05-07 16:11:30;360
"PE-00637";"PE-00599";2020-05-07 16:12:00;180
"PE-00687";"PE-00693";2020-05-07 16:13:30;180
"PE-00695";"PE-00713";2020-05-07 16:13:30;180
"PE-00622";"PE-00682";2020-05-07 16:14:00;660
"PE-00713";"PE-00715";2020-05-07 16:14:30;270
"PE-00637";"PE-00704";2020-05-07 16:15:00;270
"PE-00696";"PE-00713";2020-05-07 16:15:00;3900
"PA-00382";"PE-00606";2020-05-07 16:15:30;2250
"PE-00623";"PE-00585";2020-05-07 16:17:00;750
"PE-00650";"PE-00600";2020-05-07 16:17:00;180
"PE-00716";"PE-00599";2020-05-07 16:17:00;510
"PE-00585";"PE-00713";2020-05-07 16:17:30;90
"PA-00373";"PE-00694";2020-05-07 16:18:30;1470
"PE-00602";"PE-00607";2020-05-07 16:18:30;570
"PE-00715";"PE-00602";2020-05-07 16:19:30;90
"PE-00716";"PE-00623";2020-05-07 16:19:30;810
"PA-00378";"PE-00637";2020-05-07 16:20:00;2400
"PA-00381";"PE-00642";2020-05-07 16:21:30;630
"PE-00699";"PE-00696";2020-05-07 16:21:30;330
"PE-00713";"PE-00606";2020-05-07 16:23:00;180
"PE-00693";"PA-00370";2020-05-07 16:27:00;2970
"PE-00705";"PE-00615";2020-05-07 16:27:00;630
"PA-00365";"PE-00606";2020-05-07 16:27:30;390
"PE-00606";"PE-00704";2020-05-07 16:29:30;990
"PE-00692";"PE-00717";2020-05-07 16:29:30;480
"PE-00602";"PE-00637";2020-05-07 16:30:30;60
"PA-00381";"PE-00599";2020-05-07 16:30:30;1410
"PE-00599";"PE-00637";2020-05-07 16:31:30;210
"PA-00373";"PE-00637";2020-05-07 16:32:00;420
"PE-00705";"PE-00600";2020-05-07 16:32:00;420
"PE-00705";"PE-00716";2020-05-07 16:32:00;360
"PE-00600";"PE-00615";2020-05-07 16:32:30;300
"PE-00634";"PE-00692";2020-05-07 16:32:30;840
"PA-00371";"PE-00634";2020-05-07 16:33:30;330
"PE-00694";"PE-00622";2020-05-07 16:34:00;180
"PE-00715";"PE-00699";2020-05-07 16:35:30;360
"PE-00695";"PE-00637";2020-05-07 16:36:00;2400
"PE-00695";"PA-00365";2020-05-07 16:36:00;2430
"PE-00696";"PE-00634";2020-05-07 16:36:00;60
"PE-00642";"PE-00599";2020-05-07 16:37:00;420
"PE-00650";"PE-00585";2020-05-07 16:38:00;450
"PA-00371";"PE-00637";2020-05-07 16:39:00;1140
"PE-00696";"PE-00602";2020-05-07 16:39:30;150
"PA-00370";"PE-00599";2020-05-07 16:40:00;180
"PA-00374";"PE-00607";2020-05-07 16:40:30;450
"PE-00622";"PE-00599";2020-05-07 16:41:30;600
"PE-00637";"PE-00692";2020-05-07 16:44:30;390
"PE-00695";"PE-00607";2020-05-07 16:45:30;180
"PA-00369";"PE-00602";2020-05-07 16:46:30;360
"PE-00634";"PE-00599";2020-05-07 16:47:00;720
"PE-00585";"PE-00622";2020-05-07 16:47:30;1200
"PE-00585";"PE-00606";2020-05-07 16:49:00;30
"PE-00715";"PE-00607";2020-05-07 16:49:00;360
"PE-00717";"PA-00372";2020-05-07 16:49:00;1770
"PA-00382";"PE-00602";2020-05-07 16:50:00;840
"PE-00693";"PE-00699";2020-05-07 16:51:30;330
"PE-00705";"PE-00693";2020-05-07 16:51:30;90
"PE-00696";"PE-00599";2020-05-07 16:52:00;300
"PA-00373";"PE-00634";2020-05-07 16:52:30;300
"PA-00378";"PE-00647";2020-05-07 16:52:30;1080
"PA-00374";"PE-00599";2020-05-07 16:54:30;330
"PA-00378";"PE-00634";2020-05-07 16:54:30;4950
"PA-00368";"PE-00634";2020-05-07 16:55:00;270
"PE-00585";"PE-00705";2020-05-07 16:56:00;960
"PE-00693";"PE-00695";2020-05-07 16:56:00;1500
"PE-00642";"PE-00687";2020-05-07 16:56:30;1380
"PE-00716";"PA-00370";2020-05-07 16:57:30;2520
"PA-00378";"PE-00599";2020-05-07 16:58:30;450
"PE-00715";"PE-00687";2020-05-07 16:59:30;150
"PE-00694";"PE-00602";2020-05-07 17:01:00;330
"PE-00716";"PE-00696";2020-05-07 17:03:00;300
"PE-00713";"PE-00637";2020-05-07 17:03:30;360
"PE-00622";"PE-00606";2020-05-07 17:04:00;30
"PE-00687";"PE-00602";2020-05-07 17:06:00;1620
"PE-00622";"PE-00585";2020-05-07 17:06:30;180
"PA-00379";"PE-00713";2020-05-07 17:07:00;600
"PA-00374";"PE-00599";2020-05-07 17:09:00;3240
"PA-00366";"PE-00624";2020-05-07 17:10:30;300
"PE-00687";"PE-00696";2020-05-07 17:10:30;240
"PE-00585";"PE-00611";2020-05-07 17:11:00;360
"PA-00372";"PE-00602";2020-05-07 17:11:30;1260
"PE-00696";"PE-00602";2020-05-07 17:11:30;750
"PE-00715";"PE-00637";2020-05-07 17:13:00;210
"PE-00692";"PA-00369";2020-05-07 17:13:30;1860
"PE-00620";"PE-00624";2020-05-07 17:15:00;300
"PA-00370";"PE-00599";2020-05-07 17:15:30;90
"PE-00694";"PE-00634";2020-05-07 17:16:30;360
"PE-00607";"PE-00699";2020-05-07 17:17:00;240
"PE-00634";"PE-00606";2020-05-07 17:17:00;120
"PE-00694";"PA-00374";2020-05-07 17:17:30;3360
"PE-00599";"PE-00637";2020-05-07 17:18:30;600
"PA-00378";"PE-00599";2020-05-07 17:20:30;360
"PE-00634";"PE-00647";2020-05-07 17:20:30;150
"PA-00368";"PE-00585";2020-05-07 17:21:00;330
"PE-00585";"PE-00592";2020-05-07 17:21:00;720
"PA-00376";"PE-00696";2020-05-07 17:22:30;1230
"PE-00699";"PE-00611";2020-05-07 17:22:30;120
"PA-00371";"PE-00634";2020-05-07 17:23:30;1230
"PE-00620";"PE-00592";2020-05-07 17:24:00;510
"PE-00634";"PE-00599";2020-05-07 17:24:00;150
"PE-00607";"PE-00602";2020-05-07 17:25:00;420
"PE-00713";"PE-00699";2020-05-07 17:25:00;360
"PE-00611";"PE-00592";2020-05-07 17:25:30;300
"PA-00372";"PE-00687";2020-05-07 17:26:30;120
"PA-00371";"PE-00687";2020-05-07 17:27:00;810
"PE-00620";"PE-00713";2020-05-07 17:27:00;390
"PE-00620";"PE-00607";2020-05-07 17:29:00;270
"PA-00381";"PE-00715";2020-05-07 17:29:30;1260
"PA-00372";"PE-00634";2020-05-07 17:30:30;750
"PE-00620";"PE-00606";2020-05-07 17:31:30;30
"PA-00369";"PE-00704";2020-05-07 17:32:00;900
"PE-00695";"PE-00602";2020-05-07 17:32:00;390
"PA-00376";"PE-00713";2020-05-07 17:33:30;360
"PE-00705";"PE-00585";2020-05-07 17:34:00;120
"PA-00366";"PE-00642";2020-05-07 17:34:30;540
"PE-00716";"PE-00599";2020-05-07 17:35:00;240
"PE-00699";"PE-00687";2020-05-07 17:35:30;2340
"PE-00611";"PE-00585";2020-05-07 17:36:30;510
"PA-00381";"PE-00607";2020-05-07 17:36:30;1260
"PE-00695";"PA-00365";2020-05-07 17:37:00;1200
"PE-00711";"PE-00585";2020-05-07 17:37:30;540
"PA-00378";"PE-00607";2020-05-07 17:39:00;450
"PE-00695";"PE-00713";2020-05-07 17:39:30;120
"PE-00711";"PE-00592";2020-05-07 17:39:30;180
"PE-00699";"PE-00693";2020-05-07 17:40:30;180
"PA-00373";"PE-00606";2020-05-07 17:41:00;1860
"PE-00711";"PE-00607";2020-05-07 17:41:30;30
"PE-00611";"PE-00600";2020-05-07 17:42:00;180
"PE-00711";"PE-00600";2020-05-07 17:42:00;60
"PA-00373";"PE-00716";2020-05-07 17:43:00;1650
"PE-00713";"PE-00716";2020-05-07 17:43:00;270
"PA-00381";"PE-00637";2020-05-07 17:45:00;720
"PE-00607";"PE-00692";2020-05-07 17:47:00;870
"PA-00378";"PE-00647";2020-05-07 17:47:00;60
"PA-00372";"PE-00647";2020-05-07 17:48:00;780
"PE-00624";"PE-00599";2020-05-07 17:49:00;90
"PA-00379";"PE-00606";2020-05-07 17:49:00;1200
"PE-00692";"PE-00602";2020-05-07 17:49:00;330
"PE-00600";"PE-00620";2020-05-07 17:49:30;90
"PE-00637";"PE-00693";2020-05-07 17:49:30;330
"PE-00606";"PE-00602";2020-05-07 17:50:30;300
"PA-00381";"PE-00599";2020-05-07 17:50:30;2430
"PA-00376";"PE-00602";2020-05-07 17:51:00;720
"PE-00624";"PE-00585";2020-05-07 17:51:30;420
"PE-00624";"PE-00592";2020-05-07 17:52:00;1170
"PE-00607";"PE-00637";2020-05-07 17:52:30;1260
"PE-00694";"PE-00704";2020-05-07 17:52:30;390
"PA-00379";"PE-00637";2020-05-07 17:53:30;1590
"PE-00704";"PE-00602";2020-05-07 17:53:30;360
"PA-00370";"PE-00607";2020-05-07 17:54:00;1200
"PA-00379";"PE-00634";2020-05-07 17:54:00;240
"PE-00687";"PE-00692";2020-05-07 17:54:00;270
"PE-00696";"PA-00370";2020-05-07 17:55:00;1980
"PA-00378";"PE-00637";2020-05-07 17:56:30;390
"PA-00371";"PE-00602";2020-05-07 17:57:00;1830
"PE-00620";"PE-00694";2020-05-07 17:59:00;210
"PE-00637";"PE-00647";2020-05-07 17:59:30;150
"PA-00365";"PE-00606";2020-05-07 18:00:30;930
"PE-00705";"PE-00699";2020-05-07 18:00:30;180
"PE-00705";"PE-00620";2020-05-07 18:01:00;1680
"PA-00378";"PE-00634";2020-05-07 18:01:30;510
"PE-00693";"PE-00602";2020-05-07 18:02:00;630
"PE-00692";"PE-00647";2020-05-07 18:02:30;120
"PE-00705";"PE-00600";2020-05-07 18:02:30;600
"PE-00634";"PE-00607";2020-05-07 18:03:00;2580
"PE-00715";"PA-00368";2020-05-07 18:03:30;450
"PA-00378";"PE-00599";2020-05-07 18:04:00;570
"PE-00713";"PE-00599";2020-05-07 18:04:00;600
"PA-00372";"PE-00692";2020-05-07 18:05:00;600
"PE-00634";"PE-00602";2020-05-07 18:05:00;570
"PE-00647";"PE-00694";2020-05-07 18:05:00;1620
"PE-00600";"PE-00711";2020-05-07 18:06:00;540
"PA-00374";"PE-00696";2020-05-07 18:06:00;240
"PE-00699";"PE-00647";2020-05-07 18:07:00;1380
"PE-00634";"PE-00599";2020-05-07 18:07:30;90
"PA-00379";"PE-00687";2020-05-07 18:07:30;300
"PE-00711";"PE-00607";2020-05-07 18:08:30;240
"PA-00379";"PE-00637";2020-05-07 18:09:00;900
"PE-00711";"PE-00642";2020-05-07 18:09:00;120
"PE-00599";"PE-00607";2020-05-07 18:09:30;2130
"PE-00600";"PE-00637";2020-05-07 18:09:30;120
"PE-00607";"PE-00647";2020-05-07 18:09:30;150
"PA-00374";"PE-00599";2020-05-07 18:10:00;840
"PA-00374";"PE-00606";2020-05-07 18:11:00;810
"PE-00693";"PE-00699";2020-05-07 18:11:00;210
"PE-00606";"PE-00602";2020-05-07 18:12:30;660
"PE-00717";"PE-00602";2020-05-07 18:13:30;630
"PE-00585";"PE-00696";2020-05-07 18:14:00;360
"PE-00585";"PE-00705";2020-05-07 18:14:30;750
"PE-00647";"PE-00716";2020-05-07 18:14:30;1290
"PE-00599";"PA-00374";2020-05-07 18:15:00;1050
"PE-00713";"PE-00602";2020-05-07 18:15:30;300
"PA-00376";"PE-00699";2020-05-07 18:16:30;210
"PA-00366";"PE-00642";2020-05-07 18:17:00;540
"PE-00599";"PE-00637";2020-05-07 18:17:30;390
"PE-00647";"PE-00602";2020-05-07 18:17:30;300
"PE-00713";"PE-00694";2020-05-07 18:17:30;90
"PA-00368";"PE-00713";2020-05-07 18:18:00;570
"PE-00705";"PE-00585";2020-05-07 18:20:30;90
"PA-00366";"PE-00687";2020-05-07 18:22:00;210
"PA-00371";"PE-00637";2020-05-07 18:22:30;1620
"PE-00634";"PE-00687";2020-05-07 18:23:00;540
"PE-00704";"PE-00602";2020-05-07 18:24:00;240
"PE-00704";"PE-00599";2020-05-07 18:24:00;150
"PE-00705";"PE-00693";2020-05-07 18:26:00;330
"PE-00705";"PE-00634";2020-05-07 18:27:00;150
"PE-00715";"PE-00602";2020-05-07 18:28:30;270
"PE-00620";"PE-00704";2020-05-07 18:29:00;150
"PE-00695";"PE-00599";2020-05-07 18:29:00;420
"PE-00711";"PE-00694";2020-05-07 18:29:00;600
"PA-00378";"PE-00607";2020-05-07 18:30:30;150
"PA-00372";"PE-00634";2020-05-07 18:31:00;120
"PA-00369";"PE-00696";2020-05-07 18:32:30;180
"PE-00602";"PE-00599";2020-05-07 18:32:30;300
"PE-00705";"PE-00606";2020-05-07 18:32:30;90
"PA-00373";"PA-00369";2020-05-07 18:34:00;1170
"PE-00599";"PE-00713";2020-05-07 18:34:00;420
"PE-00585";"PE-00694";2020-05-07 18:34:30;120
"PE-00620";"PE-00585";2020-05-07 18:34:30;120
"PE-00696";"PE-00602";2020-05-07 18:34:30;630
"PE-00711";"PE-00637";2020-05-07 18:34:30;120
"PE-00695";"PE-00602";2020-05-07 18:35:30;600
"PE-00642";"PE-00693";2020-05-07 18:36:30;390
"PE-00602";"PE-00606";2020-05-07 18:37:00;150
"PE-00716";"PE-00599";2020-05-07 18:39:00;60
"PE-00687";"PE-00704";2020-05-07 18:39:30;330
"PE-00694";"PA-00374";2020-05-07 18:39:30;150
"PE-00606";"PE-00599";2020-05-07 18:40:30;270
"PE-00694";"PE-00634";2020-05-07 18:40:30;180
"PE-00705";"PE-00711";2020-05-07 18:40:30;1590
"PE-00716";"PE-00634";2020-05-07 18:41:00;120
"PE-00696";"PE-00637";2020-05-07 18:41:30;240
"PE-00607";"PE-00620";2020-05-07 18:42:30;60
"PE-00696";"PE-00704";2020-05-07 18:42:30;150
"PE-00695";"PE-00634";2020-05-07 18:43:00;540
"PA-00366";"PE-00620";2020-05-07 18:43:30;1650
"PE-00602";"PE-00607";2020-05-07 18:45:00;60
"PA-00371";"PE-00647";2020-05-07 18:54:00;180
"PE-00717";"PE-00637";2020-05-07 18:54:30;180
"PA-00379";"PE-00696";2020-05-07 18:59:00;210
"PE-00687";"PE-00717";2020-05-07 19:02:00;480
"PE-00694";"PE-00634";2020-05-07 19:03:30;90
"PE-00687";"PE-00692";2020-05-07 19:10:30;30
